/*PoblarOk*/
/*Biblioteca*/
INSERT INTO bibliotecas(nombre, direccion, codigoPostal, correo)
VALUES('Luis Angel Arango', 'Cl. 11 #4-14', '52513', 'LuisAngelA@bibliomail.com');
INSERT INTO bibliotecas(nombre, direccion, codigoPostal, correo)
VALUES('Virgilio Barco', 'Avenida Carrera 60 #57 N 60', '215819', 'VirgilioBarco@bibliomail.com');
INSERT INTO bibliotecas(nombre, direccion, codigoPostal, correo)
VALUES('El Tintal Manuel Zapata Olivella', 'Ak. 86 #6c-09', '461569', 'ElTintalMZO@bibliomail.com');
INSERT INTO bibliotecas(nombre, direccion, codigoPostal, correo)
VALUES('Biblioteca Publica Parque El Tunal', 'Calle 48B Sur #21-13', '217474', 'ParqueElTunal@bibliomail.com');
INSERT INTO bibliotecas(nombre, direccion, codigoPostal, correo)
VALUES('Biblioteca Publica Julio Mario Santo Domingo', 'Cl. 170 #67-51', '678398', 'JulioMarioSD@bibliomail.com');
INSERT INTO bibliotecas(nombre, direccion, codigoPostal, correo)
VALUES('Biblioteca Nacional', 'Cl. 24 #5-60', '993677', 'Nacional@bibliomail.com');
INSERT INTO bibliotecas(nombre, direccion, codigoPostal, correo)
VALUES('La Victoria', 'Diagonal 36m Sur #2 Este35', '632233', 'LaVictoria@bibliomail.com');
INSERT INTO bibliotecas(nombre, direccion, codigoPostal, correo)
VALUES('Las Ferias', 'Cra. 69j #73-29', '205210', 'LasFerias@bibliomail.com');
INSERT INTO bibliotecas(nombre, direccion, codigoPostal, correo)
VALUES('Biblioteca Publica El parque', 'Cra. 5 #3621', '282574', 'ElParque@bibliomail.com');
INSERT INTO bibliotecas(nombre, direccion, codigoPostal, correo)
VALUES('Biblioteca Publica Lago Timiza', '52. Cra. 74 #42 G', '30441','LagoTimiza@bibliomail.com');

/*telefonos*/
insert into telefonos (telefono, biblioteca) values ('7484885720', 'Biblioteca Publica Lago Timiza');
insert into telefonos (telefono, biblioteca) values ('8993118947', 'Las Ferias');
insert into telefonos (telefono, biblioteca) values ('4264634098', 'Luis Angel Arango');
insert into telefonos (telefono, biblioteca) values ('9781669100', 'Virgilio Barco');
insert into telefonos (telefono, biblioteca) values ('7026027725', 'El Tintal Manuel Zapata Olivella');
insert into telefonos (telefono, biblioteca) values ('2213802136', 'Biblioteca Nacional');
insert into telefonos (telefono, biblioteca) values ('9684690532', 'Biblioteca Publica Julio Mario Santo Domingo');
insert into telefonos (telefono, biblioteca) values ('6952723542', 'Biblioteca Publica El parque');
insert into telefonos (telefono, biblioteca) values ('7083584797', 'Virgilio Barco');
insert into telefonos (telefono, biblioteca) values ('3239771541', 'Biblioteca Publica Parque El Tunal');
insert into telefonos (telefono, biblioteca) values ('6962299305', 'La Victoria');
insert into telefonos (telefono, biblioteca) values ('3656833340', 'Biblioteca Nacional');
insert into telefonos (telefono, biblioteca) values ('5281998545', 'Las Ferias');
/*afiliados*/
insert into afiliados (cedula, nombre, correo, telefono, tipo) values ('2535962322', 'Vittoria McConnachie', 'vmcconnachie0@wikispaces.com', '3672187127', 'o');
insert into afiliados (cedula, nombre, correo, telefono, tipo) values ('7426481689', 'Avigdor Farndell', 'afarndell1@de.vu', '1243846216', 'n');
insert into afiliados (cedula, nombre, correo, telefono, tipo) values ('2124899066', 'Ganny Djokic', 'gdjokic2@w3.org', '8663303297', 'p');
insert into afiliados (cedula, nombre, correo, telefono, tipo) values ('3361799015', 'Nichole Acuna', 'nacuna3@networksolutions.com', '0778105784', 'n');
insert into afiliados (cedula, nombre, correo, telefono, tipo) values ('6316369190', 'Jobyna Augustine', 'jaugustine4@privacy.gov.au', '2737565928', 'n');
insert into afiliados (cedula, nombre, correo, telefono, tipo) values ('8084732609', 'Penn Noden', 'pnoden5@irs.gov', '8711968974', 'o');
insert into afiliados (cedula, nombre, correo, telefono, tipo) values ('6845961999', 'Brooks Chmiel', 'bchmiel6@xrea.com', '3965762311', 'o');
insert into afiliados (cedula, nombre, correo, telefono, tipo) values ('1576879801', 'Allx Gooderick', 'agooderick7@miitbeian.gov.cn', '1390267822', 'p');
insert into afiliados (cedula, nombre, correo, telefono, tipo) values ('3386001920', 'Lezlie Lowmass', 'llowmass8@vistaprint.com', '1943812292', 'o');
insert into afiliados (cedula, nombre, correo, telefono, tipo) values ('7712887942', 'Zak Belin', 'zbelin9@yelp.com', '2554067759', 'p');
insert into afiliados (cedula, nombre, correo, telefono, tipo) values ('0108425703', 'Constantine Risbridge', 'crisbridgea@guardian.co.uk', '9312199714', 'o');
insert into afiliados (cedula, nombre, correo, telefono, tipo) values ('3957120551', 'Damaris Cosans', 'dcosansb@e-recht24.de', '7516531715', 'n');
insert into afiliados (cedula, nombre, correo, telefono, tipo) values ('7688615445', 'Teador Fronsek', 'tfronsekc@patch.com', '2820006698', 'o');
insert into afiliados (cedula, nombre, correo, telefono, tipo) values ('9888766244', 'Karlee Lagde', 'klagded@columbia.edu', '1638864616', 'n');
insert into afiliados (cedula, nombre, correo, telefono, tipo) values ('5110425779', 'Sharona Spellicy', 'sspellicye@taobao.com', '0801942446', 'n');
insert into afiliados (cedula, nombre, correo, telefono, tipo) values ('5266909714', 'Delmore Cameron', 'dcameronf@geocities.com', '1363923560', 'p');
insert into afiliados (cedula, nombre, correo, telefono, tipo) values ('3475898659', 'Nathanael Leopard', 'nleopardg@quantcast.com', '3023124310', 'p');
insert into afiliados (cedula, nombre, correo, telefono, tipo) values ('1188790692', 'Manfred Aps', 'mapsh@hc360.com', '1832207641', 'n');
insert into afiliados (cedula, nombre, correo, telefono, tipo) values ('7561763654', 'Gun Wanka', 'gwankai@addtoany.com', '4285235218', 'o');
insert into afiliados (cedula, nombre, correo, telefono, tipo) values ('8612550785', 'Raeann Krikorian', 'rkrikorianj@sina.com.cn', '7219337701', 'o');
insert into afiliados (cedula, nombre, correo, telefono, tipo) values ('2341742041', 'Rodger Sange', 'rsangek@cnbc.com', '1395482691', 'n');
insert into afiliados (cedula, nombre, correo, telefono, tipo) values ('1131868625', 'Florie Doctor', 'fdoctorl@noaa.gov', '4135852718', 'n');
insert into afiliados (cedula, nombre, correo, telefono, tipo) values ('9564799309', 'Noe Chander', 'nchanderm@about.me', '3705964313', 'n');
insert into afiliados (cedula, nombre, correo, telefono, tipo) values ('3025254637', 'Sorcha Meekin', 'smeekinn@thetimes.co.uk', '0350076804', 'o');
insert into afiliados (cedula, nombre, correo, telefono, tipo) values ('0409072087', 'Sonja Jime', 'sjimeo@census.gov', '4642836942', 'n');
insert into afiliados (cedula, nombre, correo, telefono, tipo) values ('7232612028', 'Raimondo Giddens', 'rgiddensp@bbb.org', '3905817969', 'o');
insert into afiliados (cedula, nombre, correo, telefono, tipo) values ('6459258198', 'Aharon Weadick', 'aweadickq@ucoz.com', '5262829538', 'p');
insert into afiliados (cedula, nombre, correo, telefono, tipo) values ('7934596898', 'Karlen Tourville', 'ktourviller@chicagotribune.com', '8588968169', 'p');
insert into afiliados (cedula, nombre, correo, telefono, tipo) values ('1289943214', 'Carree Thorington', 'cthoringtons@hao123.com', '7293213700', 'n');
insert into afiliados (cedula, nombre, correo, telefono, tipo) values ('4090711770', 'Boniface Ruoss', 'bruosst@tinypic.com', '9376869737', 'o');
insert into afiliados (cedula, nombre, correo, telefono, tipo) values ('9207668432', 'Judy Frisel', 'jfriselu@unesco.org', '9067261963', 'o');
insert into afiliados (cedula, nombre, correo, telefono, tipo) values ('7682162465', 'Emmi Heaseman', 'eheasemanv@themeforest.net', '6590032548', 'n');
insert into afiliados (cedula, nombre, correo, telefono, tipo) values ('9884332649', 'Sarene Benford', 'sbenfordw@amazon.co.jp', '8181531922', 'o');
insert into afiliados (cedula, nombre, correo, telefono, tipo) values ('7234293973', 'Eli Bindon', 'ebindonx@uol.com.br', '6351447119', 'n');
insert into afiliados (cedula, nombre, correo, telefono, tipo) values ('1578977185', 'Ambrosi Ruckledge', 'aruckledgey@netlog.com', '9180219071', 'o');
insert into afiliados (cedula, nombre, correo, telefono, tipo) values ('4475579473', 'Allyce Eckh', 'aeckhz@admin.ch', '2795907453', 'o');
insert into afiliados (cedula, nombre, correo, telefono, tipo) values ('0841676844', 'Chloette Haggett', 'chaggett10@toplist.cz', '5873605718', 'n');
insert into afiliados (cedula, nombre, correo, telefono, tipo) values ('4787180282', 'Nevins Roistone', 'nroistone11@mit.edu', '0690620128', 'p');
insert into afiliados (cedula, nombre, correo, telefono, tipo) values ('6285068860', 'Dall Woodvine', 'dwoodvine12@parallels.com', '1970774541', 'o');
insert into afiliados (cedula, nombre, correo, telefono, tipo) values ('6809865438', 'Claudie Tabard', 'ctabard13@va.gov', '4357977517', 'o');
insert into afiliados (cedula, nombre, correo, telefono, tipo) values ('4049441640', 'Aundrea Stuckow', 'astuckow14@zdnet.com', '8544271472', 'p');
insert into afiliados (cedula, nombre, correo, telefono, tipo) values ('0857860291', 'Normie Whistance', 'nwhistance15@gravatar.com', '3353052267', 'p');
insert into afiliados (cedula, nombre, correo, telefono, tipo) values ('4885508177', 'Hirsch MacKimmie', 'hmackimmie16@boston.com', '4498212916', 'n');
insert into afiliados (cedula, nombre, correo, telefono, tipo) values ('2129854966', 'Hershel Empson', 'hempson17@state.gov', '2790425930', 'p');
insert into afiliados (cedula, nombre, correo, telefono, tipo) values ('4142762192', 'Wat Michie', 'wmichie18@booking.com', '5743773521', 'o');
insert into afiliados (cedula, nombre, correo, telefono, tipo) values ('0682011266', 'Celinka Colledge', 'ccolledge19@furl.net', '8200440109', 'p');
insert into afiliados (cedula, nombre, correo, telefono, tipo) values ('7281090064', 'Marthe Sone', 'msone1a@archive.org', '5963534054', 'p');
insert into afiliados (cedula, nombre, correo, telefono, tipo) values ('6368329327', 'Kris Petow', 'kpetow1b@buzzfeed.com', '8661521238', 'n');
insert into afiliados (cedula, nombre, correo, telefono, tipo) values ('8449817560', 'Beilul Brislen', 'bbrislen1c@archive.org', '6177314627', 'o');
insert into afiliados (cedula, nombre, correo, telefono, tipo) values ('7150612229', 'Town Varne', 'tvarne1d@cbc.ca', '7111915143', 'o');
insert into afiliados (cedula, nombre, correo, telefono, tipo) values ('6017111922', 'Celie Whetton', 'cwhetton1e@ihg.com', '3578079995', 'o');
insert into afiliados (cedula, nombre, correo, telefono, tipo) values ('1820898849', 'Ailbert Bidwell', 'abidwell1f@bloglovin.com', '9402596828', 'n');
insert into afiliados (cedula, nombre, correo, telefono, tipo) values ('7691323034', 'Fernande McDuffy', 'fmcduffy1g@ucla.edu', '0335704697', 'o');
insert into afiliados (cedula, nombre, correo, telefono, tipo) values ('9272461294', 'Melessa Dwelly', 'mdwelly1h@e-recht24.de', '3614415864', 'o');
insert into afiliados (cedula, nombre, correo, telefono, tipo) values ('0519712897', 'Gabbi Astall', 'gastall1i@netvibes.com', '0615229409', 'p');
insert into afiliados (cedula, nombre, correo, telefono, tipo) values ('0205988970', 'Alwin Vousden', 'avousden1j@epa.gov', '3703123362', 'p');
insert into afiliados (cedula, nombre, correo, telefono, tipo) values ('3922371221', 'Abe Sumsion', 'asumsion1k@mozilla.org', '4718816661', 'p');
insert into afiliados (cedula, nombre, correo, telefono, tipo) values ('3759603408', 'Caz Corneljes', 'ccorneljes1l@chron.com', '4369674484', 'o');
insert into afiliados (cedula, nombre, correo, telefono, tipo) values ('9632380835', 'Wynn Hordle', 'whordle1m@cbslocal.com', '0738386855', 'n');
insert into afiliados (cedula, nombre, correo, telefono, tipo) values ('5573356542', 'Kayley Blown', 'kblown1n@amazon.de', '7709627226', 'n');
insert into afiliados (cedula, nombre, correo, telefono, tipo) values ('3632678189', 'Amelita Atwater', 'aatwater1o@un.org', '0758436432', 'p');
insert into afiliados (cedula, nombre, correo, telefono, tipo) values ('5920007168', 'Fax Brisseau', 'fbrisseau1p@mayoclinic.com', '3466590264', 'n');
insert into afiliados (cedula, nombre, correo, telefono, tipo) values ('0819787337', 'Shani Hixley', 'shixley1q@sourceforge.net', '9284038634', 'o');
insert into afiliados (cedula, nombre, correo, telefono, tipo) values ('6393081988', 'Aurelia Posten', 'aposten1r@addthis.com', '7772620411', 'p');
insert into afiliados (cedula, nombre, correo, telefono, tipo) values ('8367815017', 'Waylen Grayer', 'wgrayer1s@columbia.edu', '4872447492', 'o');
insert into afiliados (cedula, nombre, correo, telefono, tipo) values ('6234445144', 'Leeann Postins', 'lpostins1t@over-blog.com', '1566628709', 'n');
insert into afiliados (cedula, nombre, correo, telefono, tipo) values ('8671155560', 'Dniren Snewin', 'dsnewin1u@aol.com', '2074280688', 'p');
insert into afiliados (cedula, nombre, correo, telefono, tipo) values ('0535813708', 'Kylen Blowes', 'kblowes1v@archive.org', '4710595844', 'p');
insert into afiliados (cedula, nombre, correo, telefono, tipo) values ('5853425587', 'Franz Sarver', 'fsarver1w@bing.com', '0098726250', 'o');
insert into afiliados (cedula, nombre, correo, telefono, tipo) values ('2600281223', 'Job Climie', 'jclimie1x@skyrock.com', '1207312460', 'p');
insert into afiliados (cedula, nombre, correo, telefono, tipo) values ('9186789163', 'Wyatan Milmo', 'wmilmo1y@wikispaces.com', '7184127420', 'n');
insert into afiliados (cedula, nombre, correo, telefono, tipo) values ('6447568014', 'Bent Cree', 'bcree1z@nationalgeographic.com', '3715104007', 'n');
insert into afiliados (cedula, nombre, correo, telefono, tipo) values ('5242061804', 'Tamas Brierley', 'tbrierley20@smugmug.com', '7660106856', 'n');
insert into afiliados (cedula, nombre, correo, telefono, tipo) values ('1975239237', 'Diena Daouse', 'ddaou@nationalgeographic.com', '6790163611', 'n');
insert into afiliados (cedula, nombre, correo, telefono, tipo) values ('9399312232', 'Benny Conerding', 'bconerding22@sohu.com', '8748489565', 'o');
insert into afiliados (cedula, nombre, correo, telefono, tipo) values ('4146119022', 'Sandi Demetr', 'sdemetr23@telegraph.co.uk', '8987106365', 'o');
insert into afiliados (cedula, nombre, correo, telefono, tipo) values ('7604968120', 'Misti Stennard', 'mstennard24@cbc.ca', '2747808734', 'n');
insert into afiliados (cedula, nombre, correo, telefono, tipo) values ('6392569987', 'Danny Raffeorty', 'draffeorty25@list-manage.com', '7762433023', 'n');
insert into afiliados (cedula, nombre, correo, telefono, tipo) values ('5175414925', 'Caddric Janak', 'cjanak26@hostgator.com', '3941276441', 'n');
insert into afiliados (cedula, nombre, correo, telefono, tipo) values ('7497832573', 'Pier Brou', 'pbrou27@businessinsider.com', '2133770267', 'o');
insert into afiliados (cedula, nombre, correo, telefono, tipo) values ('0660315726', 'Alvera Harmson', 'aharmson28@zdnet.com', '9502611055', 'o');
insert into afiliados (cedula, nombre, correo, telefono, tipo) values ('3476663116', 'Lynne Caves', 'lcaves29@shinystat.com', '4674188598', 'o');
insert into afiliados (cedula, nombre, correo, telefono, tipo) values ('8102799684', 'Odelle Sargeant', 'osargeant2a@reverbnation.com', '8509848696', 'o');
insert into afiliados (cedula, nombre, correo, telefono, tipo) values ('2486318860', 'Devon Chidgey', 'dchidgey2b@home.pl', '1565729293', 'o');
insert into afiliados (cedula, nombre, correo, telefono, tipo) values ('1740951131', 'Shaw Szymanek', 'sszymanek2c@dagondesign.com', '5520597707', 'p');
insert into afiliados (cedula, nombre, correo, telefono, tipo) values ('2187555666', 'Cy Colville', 'ccolville2d@columbia.edu', '7925545011', 'o');
insert into afiliados (cedula, nombre, correo, telefono, tipo) values ('7451779513', 'Eydie Goodricke', 'egoodricke2e@netscape.com', '6023550312', 'p');
insert into afiliados (cedula, nombre, correo, telefono, tipo) values ('9949195241', 'Corbie Hymans', 'chymans2f@pinterest.com', '8149096035', 'p');
insert into afiliados (cedula, nombre, correo, telefono, tipo) values ('6235201540', 'Lishe Ambrosoli', 'lambrosoli2g@instagram.com', '7513216312', 'n');
insert into afiliados (cedula, nombre, correo, telefono, tipo) values ('2120355525', 'Klement Symones', 'ksymones2h@blogtalkradio.com', '6373213315', 'n');
insert into afiliados (cedula, nombre, correo, telefono, tipo) values ('9722165208', 'Freeland Tutchell', 'ftutchell2i@zdnet.com', '2142693822', 'o');
insert into afiliados (cedula, nombre, correo, telefono, tipo) values ('5877618288', 'Madison Risbridge', 'mrisbridge2j@forbes.com', '3493055277', 'o');
insert into afiliados (cedula, nombre, correo, telefono, tipo) values ('6137648699', 'Kalila Cleveley', 'kcleveley2k@redcross.org', '2265706760', 'n');
insert into afiliados (cedula, nombre, correo, telefono, tipo) values ('5688171480', 'Sloane Reichelt', 'sreichelt2l@foxnews.com', '4040495586', 'o');
insert into afiliados (cedula, nombre, correo, telefono, tipo) values ('3921571820', 'Wernher Eagar', 'weagar2m@about.com', '7657907681', 'p');
insert into afiliados (cedula, nombre, correo, telefono, tipo) values ('8979657390', 'Nissie Clibbery', 'nclibbery2n@godaddy.com', '1961360330', 'o');
insert into afiliados (cedula, nombre, correo, telefono, tipo) values ('1543466729', 'Garrik Alway', 'galway2o@nytimes.com', '2972489187', 'p');
insert into afiliados (cedula, nombre, correo, telefono, tipo) values ('0347049974', 'Delainey Fairnington', 'dfairnington2p@ucsd.edu', '5381337000', 'n');
insert into afiliados (cedula, nombre, correo, telefono, tipo) values ('0019784082', 'Emelen Dominichelli', 'edominichelli2q@slashdot.org', '9108567794', 'o');
insert into afiliados (cedula, nombre, correo, telefono, tipo) values ('1697773796', 'Natasha Bourrel', 'nbourrel2r@slideshare.net', '5378491495', 'p');
insert into afiliados (cedula, nombre, correo, telefono, tipo) values ('8747454474', 'Ignatius Yersin', 'iyersin2s@chicagotribune.com', '3943676692', 'p');
insert into afiliados (cedula, nombre, correo, telefono, tipo) values ('3430917298', 'Curran Philbrook', 'cphilbrook2t@weibo.com', '0230405274', 'p');
insert into afiliados (cedula, nombre, correo, telefono, tipo) values ('3432090846', 'Bridgette Chazotte', 'bchazotte2u@hostgator.com', '7289389328', 'p');
insert into afiliados (cedula, nombre, correo, telefono, tipo) values ('5861268622', 'Cathrine Bolmann', 'cbolmann2v@symantec.com', '3333456656', 'p');
insert into afiliados (cedula, nombre, correo, telefono, tipo) values ('9710822632', 'Catlee Blofeld', 'cblofeld2w@google.es', '6096821855', 'p');
insert into afiliados (cedula, nombre, correo, telefono, tipo) values ('5573048848', 'Domeniga Hebditch', 'dhebditch2x@columbia.edu', '7079855349', 'p');
insert into afiliados (cedula, nombre, correo, telefono, tipo) values ('1471774708', 'Valencia Buglar', 'vbuglar2y@narod.ru', '1606914200', 'o');
insert into afiliados (cedula, nombre, correo, telefono, tipo) values ('5384926910', 'West Tooley', 'wtooley2z@cpanel.net', '8998459663', 'n');
insert into afiliados (cedula, nombre, correo, telefono, tipo) values ('6010595576', 'Arney Barwis', 'abarwis30@cbsnews.com', '6279882829', 'o');
insert into afiliados (cedula, nombre, correo, telefono, tipo) values ('5601266212', 'Frazer Beardmore', 'fbeardmore31@wsj.com', '6088512423', 'n');
insert into afiliados (cedula, nombre, correo, telefono, tipo) values ('6062803293', 'Roseann Essex', 'ressex32@multiply.com', '8865243988', 'p');
insert into afiliados (cedula, nombre, correo, telefono, tipo) values ('0616388527', 'Skylar Mattiato', 'smattiato33@usa.gov', '6175815009', 'o');
insert into afiliados (cedula, nombre, correo, telefono, tipo) values ('1722269715', 'Ailis Bleas', 'ableas34@blogger.com', '8922739789', 'o');
insert into afiliados (cedula, nombre, correo, telefono, tipo) values ('4871756106', 'Selina Mucklestone', 'smucklestone35@phpbb.com', '7025818291', 'o');
insert into afiliados (cedula, nombre, correo, telefono, tipo) values ('2095080017', 'Martelle Faier', 'mfaier36@amazon.de', '0615070639', 'n');
insert into afiliados (cedula, nombre, correo, telefono, tipo) values ('5047022005', 'Gran Pendre', 'gpendre37@gnu.org', '8499160824', 'o');
insert into afiliados (cedula, nombre, correo, telefono, tipo) values ('9922131927', 'Shirley Mynott', 'smynott38@chronoengine.com', '7603299187', 'p');
insert into afiliados (cedula, nombre, correo, telefono, tipo) values ('2749305861', 'Adria Fones', 'afones39@miitbeian.gov.cn', '3765531782', 'n');
insert into afiliados (cedula, nombre, correo, telefono, tipo) values ('1995967343', 'Gleda Summerrell', 'gsummerrell3a@nhs.uk', '7907281652', 'p');
insert into afiliados (cedula, nombre, correo, telefono, tipo) values ('9617761270', 'Royall Ruperti', 'rruperti3b@nyu.edu', '9817039919', 'n');
insert into afiliados (cedula, nombre, correo, telefono, tipo) values ('9717624453', 'Rosemonde Rodriguez', 'rrodriguez3c@cnbc.com', '8128650807', 'n');
insert into afiliados (cedula, nombre, correo, telefono, tipo) values ('3301576893', 'Lusa Grain', 'lgrain3d@goodreads.com', '9827663232', 'p');
insert into afiliados (cedula, nombre, correo, telefono, tipo) values ('7672654330', 'Claudie Lismer', 'clismer3e@sogou.com', '5348134619', 'o');
insert into afiliados (cedula, nombre, correo, telefono, tipo) values ('4737944041', 'Constantin Corss', 'ccorss3f@latimes.com', '9459516785', 'p');
insert into afiliados (cedula, nombre, correo, telefono, tipo) values ('1459859413', 'Maryjo Lomax', 'mlomax3g@istockphoto.com', '7128209565', 'p');
insert into afiliados (cedula, nombre, correo, telefono, tipo) values ('6803815846', 'Sampson Foakes', 'sfoakes3h@washingtonpost.com', '1609687760', 'n');
insert into afiliados (cedula, nombre, correo, telefono, tipo) values ('2961651859', 'Jessamyn Quilty', 'jquilty3i@blog.com', '3144261238', 'p');
insert into afiliados (cedula, nombre, correo, telefono, tipo) values ('5877478664', 'Fletcher Coaster', 'fcoaster3j@marketwatch.com', '1960667068', 'n');
insert into afiliados (cedula, nombre, correo, telefono, tipo) values ('9785465497', 'Walker Losemann', 'wlosemann3k@berkeley.edu', '7957145000', 'p');
insert into afiliados (cedula, nombre, correo, telefono, tipo) values ('2778453334', 'Carmita Erricker', 'cerricker3l@prnewswire.com', '7909051743', 'n');
insert into afiliados (cedula, nombre, correo, telefono, tipo) values ('1052021204', 'Danila Wickersley', 'dwickersley3m@mtv.com', '2208791401', 'p');
insert into afiliados (cedula, nombre, correo, telefono, tipo) values ('0736113045', 'Grete Smalley', 'gsmalley3n@t-online.de', '2259991874', 'n');
insert into afiliados (cedula, nombre, correo, telefono, tipo) values ('2288967722', 'Moina Abbots', 'mabbots3o@bbc.co.uk', '4159864457', 'p');
insert into afiliados (cedula, nombre, correo, telefono, tipo) values ('2266312006', 'Carlin Askin', 'caskin3p@unblog.fr', '9439563869', 'o');
insert into afiliados (cedula, nombre, correo, telefono, tipo) values ('2073348106', 'Nicky Giles', 'ngiles3q@va.gov', '6374618890', 'p');
insert into afiliados (cedula, nombre, correo, telefono, tipo) values ('6493947561', 'Mathilda Spinello', 'mspinello3r@deliciousdays.com', '3596082455', 'o');
insert into afiliados (cedula, nombre, correo, telefono, tipo) values ('9217808326', 'Vivianne Allbut', 'vallbut3s@usnews.com', '8624269830', 'o');
insert into afiliados (cedula, nombre, correo, telefono, tipo) values ('0349954895', 'Gracie Plowman', 'gplowman3t@nhs.uk', '8828356006', 'o');
insert into afiliados (cedula, nombre, correo, telefono, tipo) values ('9895127979', 'Court Lapley', 'clapley3u@rediff.com', '2110689471', 'n');
insert into afiliados (cedula, nombre, correo, telefono, tipo) values ('6815327043', 'Willa Seyers', 'wseyers3v@sun.com', '1588795616', 'n');
insert into afiliados (cedula, nombre, correo, telefono, tipo) values ('7008107447', 'Forster Matterson', 'fmatterson3w@imageshack.us', '9066699760', 'p');
insert into afiliados (cedula, nombre, correo, telefono, tipo) values ('2115386019', 'Powell Paxman', 'ppaxman3x@cdc.gov', '6667179394', 'n');
insert into afiliados (cedula, nombre, correo, telefono, tipo) values ('9808840310', 'Ingaberg Reckus', 'ireckus3y@pbs.org', '5479003739', 'p');
insert into afiliados (cedula, nombre, correo, telefono, tipo) values ('1888833319', 'Kelby Dillon', 'kdillon3z@timesonline.co.uk', '2532759909', 'n');
insert into afiliados (cedula, nombre, correo, telefono, tipo) values ('2724248430', 'Charleen Cersey', 'ccersey40@umich.edu', '3004149796', 'p');
insert into afiliados (cedula, nombre, correo, telefono, tipo) values ('5831955036', 'Spencer Snodden', 'ssnodden41@deliciousdays.com', '5204737804', 'n');
insert into afiliados (cedula, nombre, correo, telefono, tipo) values ('3757293878', 'Florri Von Helmholtz', 'fvon42@fotki.com', '2988627363', 'n');
insert into afiliados (cedula, nombre, correo, telefono, tipo) values ('4586378514', 'Roch Royall', 'rroyall43@intel.com', '5180168139', 'p');
insert into afiliados (cedula, nombre, correo, telefono, tipo) values ('2428727133', 'Tobi Winterborne', 'twinterborne44@jalbum.net', '0750132086', 'p');
insert into afiliados (cedula, nombre, correo, telefono, tipo) values ('2248683421', 'Jonis Dudin', 'jdudin45@ted.com', '3332055461', 'o');
insert into afiliados (cedula, nombre, correo, telefono, tipo) values ('4492922075', 'Olimpia Spry', 'ospry46@home.pl', '1960249185', 'n');
insert into afiliados (cedula, nombre, correo, telefono, tipo) values ('2274884455', 'Page Leneham', 'pleneham47@friendfeed.com', '9692722775', 'p');
insert into afiliados (cedula, nombre, correo, telefono, tipo) values ('8203648762', 'Esdras McCullogh', 'emccullogh48@guardian.co.uk', '1436383986', 'n');
insert into afiliados (cedula, nombre, correo, telefono, tipo) values ('0127716149', 'Nanny Koschek', 'nkoschek49@google.de', '3811402439', 'n');
insert into afiliados (cedula, nombre, correo, telefono, tipo) values ('4674269784', 'Sheridan Clemenson', 'sclemenson4a@ucsd.edu', '2222615720', 'n');
insert into afiliados (cedula, nombre, correo, telefono, tipo) values ('8823240131', 'Robyn Spira', 'rspira4b@instagram.com', '4984358831', 'n');
insert into afiliados (cedula, nombre, correo, telefono, tipo) values ('9116430379', 'Zelig Antognetti', 'zantognetti4c@squidoo.com', '2094978877', 'n');
insert into afiliados (cedula, nombre, correo, telefono, tipo) values ('8338602272', 'Ketty Ramas', 'kramas4d@sakura.ne.jp', '3229333373', 'n');
insert into afiliados (cedula, nombre, correo, telefono, tipo) values ('2951543832', 'Emilio Bloys', 'ebloys4e@issuu.com', '7490846609', 'p');
insert into afiliados (cedula, nombre, correo, telefono, tipo) values ('2945480921', 'Clive Borham', 'cborham4f@chronoengine.com', '3173503015', 'o');
insert into afiliados (cedula, nombre, correo, telefono, tipo) values ('3683321334', 'Charmain Rosborough', 'crosborough4g@a8.net', '1471189422', 'p');
insert into afiliados (cedula, nombre, correo, telefono, tipo) values ('6968872501', 'Ingram Sivess', 'isivess4h@privacy.gov.au', '5834539467', 'p');
insert into afiliados (cedula, nombre, correo, telefono, tipo) values ('0464366461', 'Burtie Mafham', 'bmafham4i@google.co.uk', '2402379073', 'o');
insert into afiliados (cedula, nombre, correo, telefono, tipo) values ('8025293602', 'Marlowe Cruickshank', 'mcruickshank4j@census.gov', '9663494352', 'n');
insert into afiliados (cedula, nombre, correo, telefono, tipo) values ('7974239638', 'Meade Levicount', 'mlevicount@washingt.com', '2523468352', 'o');
insert into afiliados (cedula, nombre, correo, telefono, tipo) values ('1345022298', 'Penny Reedman', 'preedman4l@creativecommons.org', '0210486007', 'n');
insert into afiliados (cedula, nombre, correo, telefono, tipo) values ('8186775137', 'Salomi Talks', 'stalks4m@about.me', '5294122065', 'p');
insert into afiliados (cedula, nombre, correo, telefono, tipo) values ('6323758733', 'Ermin Tomasik', 'etomasik4n@biglobe.ne.jp', '7673187612', 'o');
insert into afiliados (cedula, nombre, correo, telefono, tipo) values ('8362558350', 'Odelle Geill', 'ogeill4o@howstuffworks.com', '0364443898', 'n');
insert into afiliados (cedula, nombre, correo, telefono, tipo) values ('2959925998', 'Caryl Tomas', 'ctomas4p@plala.or.jp', '4553948125', 'o');
insert into afiliados (cedula, nombre, correo, telefono, tipo) values ('0970074751', 'Jolee Vondrasek', 'jvondrasek4q@ft.com', '7259641614', 'n');
insert into afiliados (cedula, nombre, correo, telefono, tipo) values ('3459242280', 'Pepita Finnes', 'pfinnes4r@webnode.com', '1839440589', 'n');
insert into afiliados (cedula, nombre, correo, telefono, tipo) values ('8521395248', 'Shaun O Hara', 'sohara4s@netscape.com', '1073658767', 'o');
insert into afiliados (cedula, nombre, correo, telefono, tipo) values ('2310571229', 'Reuben Toner', 'rtoner4t@mapy.cz', '9867980891', 'p');
insert into afiliados (cedula, nombre, correo, telefono, tipo) values ('7867749640', 'Licha Bindon', 'lbindon4u@fc2.com', '0212886525', 'o');
insert into afiliados (cedula, nombre, correo, telefono, tipo) values ('0145864987', 'Greggory Overal', 'goveral4v@clickbank.net', '9089634614', 'o');
insert into afiliados (cedula, nombre, correo, telefono, tipo) values ('7128156836', 'Gwynne Chugg', 'gchugg4w@state.gov', '3833663839', 'o');
insert into afiliados (cedula, nombre, correo, telefono, tipo) values ('4199695567', 'Hasty Westmoreland', 'hwestmoreland4x@amazon.co.uk', '0671955683', 'p');
insert into afiliados (cedula, nombre, correo, telefono, tipo) values ('8677229922', 'Manda Menco', 'mmenco4y@geocities.com', '3150122511', 'p');
insert into afiliados (cedula, nombre, correo, telefono, tipo) values ('0997111011', 'Torrin de Marco', 'tde4z@diigo.com', '9345319174', 'p');
insert into afiliados (cedula, nombre, correo, telefono, tipo) values ('2369687428', 'Maddi Reisenstein', 'mreisenstein50@fda.gov', '9797984842', 'o');
insert into afiliados (cedula, nombre, correo, telefono, tipo) values ('2297023456', 'Conchita Tebboth', 'ctebboth51@behance.net', '1699991766', 'p');
insert into afiliados (cedula, nombre, correo, telefono, tipo) values ('4286212173', 'Clarinda De Launde', 'cde52@china.com.cn', '3301852408', 'n');
insert into afiliados (cedula, nombre, correo, telefono, tipo) values ('5350610783', 'Rolland Kleinholz', 'rkleinholz53@sourceforge.net', '4762124990', 'p');
insert into afiliados (cedula, nombre, correo, telefono, tipo) values ('7912236384', 'Ines Pfeiffer', 'ipfeiffer54@independent.co.uk', '4168032922', 'p');
insert into afiliados (cedula, nombre, correo, telefono, tipo) values ('3325926363', 'Austin Aslie', 'aaslie55@usnews.com', '4334364543', 'o');
insert into afiliados (cedula, nombre, correo, telefono, tipo) values ('7074910406', 'Debby Dorran', 'ddorran56@yandex.ru', '6760617665', 'o');
insert into afiliados (cedula, nombre, correo, telefono, tipo) values ('2174942763', 'Frederica Maffei', 'fmaffei57@wordpress.com', '0675896126', 'p');
insert into afiliados (cedula, nombre, correo, telefono, tipo) values ('2025608128', 'Beau Abelevitz', 'babelevitz58@ucla.edu', '2336967146', 'n');
insert into afiliados (cedula, nombre, correo, telefono, tipo) values ('2671388586', 'Guinna Nodin', 'gnodin59@usnews.com', '1538819457', 'p');
insert into afiliados (cedula, nombre, correo, telefono, tipo) values ('9128605780', 'Butch Wordington', 'bwordington5a@dmoz.org', '1675437645', 'n');
insert into afiliados (cedula, nombre, correo, telefono, tipo) values ('7782089840', 'Laina Wiltshier', 'lwiltshier5b@cafepress.com', '9887540633', 'p');
insert into afiliados (cedula, nombre, correo, telefono, tipo) values ('7582684036', 'Ignace Tedahl', 'itedahl5c@pinterest.com', '7970752535', 'p');
insert into afiliados (cedula, nombre, correo, telefono, tipo) values ('0892651032', 'Casie Garnam', 'cgarnam5d@seattletimes.com', '3962674136', 'o');
insert into afiliados (cedula, nombre, correo, telefono, tipo) values ('7144413716', 'Josie Chung', 'jchung5e@tamu.edu', '7304011076', 'p');
insert into afiliados (cedula, nombre, correo, telefono, tipo) values ('4067981589', 'Johnette Hobbing', 'jhobbing5f@addtoany.com', '8060671324', 'o');
insert into afiliados (cedula, nombre, correo, telefono, tipo) values ('7725873856', 'Annamaria Pudsey', 'apudsey5g@cyberchimps.com', '2035847370', 'p');
insert into afiliados (cedula, nombre, correo, telefono, tipo) values ('8445645455', 'Belle Moine', 'bmoine5h@google.com.hk', '7644402683', 'p');
insert into afiliados (cedula, nombre, correo, telefono, tipo) values ('4451046394', 'Wandie Mackness', 'wmackness5i@unblog.fr', '7914182494', 'o');
insert into afiliados (cedula, nombre, correo, telefono, tipo) values ('6161758377', 'Brandi Tunaclift', 'btunaclift5j@merriam.com', '2059561175', 'p');
insert into afiliados (cedula, nombre, correo, telefono, tipo) values ('8714482002', 'Sayers Kase', 'skase5k@bloomberg.com', '7354433950', 'n');
insert into afiliados (cedula, nombre, correo, telefono, tipo) values ('5532510393', 'Faythe Dagleas', 'fdagleas5l@domainmarket.com', '7897177637', 'o');
insert into afiliados (cedula, nombre, correo, telefono, tipo) values ('0050540599', 'West O Hickey', 'wohickey5m@wordpress.org', '1035039303', 'o');
insert into afiliados (cedula, nombre, correo, telefono, tipo) values ('8775177455', 'Hobey Nibley', 'hnibley5n@ftc.gov', '1448307155', 'n');
insert into afiliados (cedula, nombre, correo, telefono, tipo) values ('9261295126', 'Heath Killgus', 'hkillgus5o@g.co', '1864871245', 'n');
insert into afiliados (cedula, nombre, correo, telefono, tipo) values ('9350188619', 'Mateo Colliford', 'mcolliford5p@un.org', '6833788057', 'p');
insert into afiliados (cedula, nombre, correo, telefono, tipo) values ('8036505169', 'Wash Willans', 'wwillans5q@usgs.gov', '5771294446', 'p');
insert into afiliados (cedula, nombre, correo, telefono, tipo) values ('8766765323', 'Eda Tather', 'etather5r@dot.gov', '7218233864', 'n');
insert into afiliados (cedula, nombre, correo, telefono, tipo) values ('7788082392', 'Karalynn Andrat', 'kandrat5s@harvard.edu', '5913378156', 'n');
insert into afiliados (cedula, nombre, correo, telefono, tipo) values ('7834443674', 'Gates Laviss', 'glaviss5t@alibaba.com', '4508908985', 'p');
insert into afiliados (cedula, nombre, correo, telefono, tipo) values ('4513663677', 'Garry Crumby', 'gcrumby5u@is.gd', '9312956027', 'o');
insert into afiliados (cedula, nombre, correo, telefono, tipo) values ('3022539339', 'Christy Denisard', 'cdenisard5v@weather.com', '9117742501', 'p');
insert into afiliados (cedula, nombre, correo, telefono, tipo) values ('7898792912', 'Ambrosius Steffens', 'asteffens5w@behance.net', '1693257742', 'p');
insert into afiliados (cedula, nombre, correo, telefono, tipo) values ('3252407787', 'Merill Shapera', 'mshapera5x@amazon.de', '2278101579', 'p');
insert into afiliados (cedula, nombre, correo, telefono, tipo) values ('0795331789', 'Mayor Gerson', 'mgerson5y@com.com', '4578502708', 'p');
insert into afiliados (cedula, nombre, correo, telefono, tipo) values ('8136820872', 'Violette Wickie', 'vwickie5z@freewebs.com', '6842335396', 'n');
insert into afiliados (cedula, nombre, correo, telefono, tipo) values ('3174003253', 'Spense Delepine', 'sdelepine60@dot.gov', '3866695799', 'n');
insert into afiliados (cedula, nombre, correo, telefono, tipo) values ('1498320058', 'Elsi Lawles', 'elawles61@who.int', '4226013581', 'n');
insert into afiliados (cedula, nombre, correo, telefono, tipo) values ('5279575607', 'Carlene Hillatt', 'chillatt62@craigslist.org', '0335165834', 'n');
insert into afiliados (cedula, nombre, correo, telefono, tipo) values ('8559216650', 'Debby Mayell', 'dmayell63@soundcloud.com', '7730977311', 'p');
insert into afiliados (cedula, nombre, correo, telefono, tipo) values ('9575827015', 'Devondra MacQuist', 'dmacquist64@spotify.com', '3435456124', 'p');
insert into afiliados (cedula, nombre, correo, telefono, tipo) values ('8176524352', 'Marietta Androletti', 'mandroletti65@cbsnews.com', '4334543618', 'n');
insert into afiliados (cedula, nombre, correo, telefono, tipo) values ('1276578962', 'Margit Killick', 'mkillick66@yahoo.co.jp', '1049519507', 'n');
insert into afiliados (cedula, nombre, correo, telefono, tipo) values ('5572594458', 'Barrie Mcsarry', 'bmcsarry67@arizona.edu', '1041823584', 'p');
insert into afiliados (cedula, nombre, correo, telefono, tipo) values ('2123156434', 'Florri Heymann', 'fheymann68@theatlantic.com', '8743156495', 'n');
insert into afiliados (cedula, nombre, correo, telefono, tipo) values ('6043239426', 'Yance Paradis', 'yparadis69@prnewswire.com', '0731670795', 'n');
insert into afiliados (cedula, nombre, correo, telefono, tipo) values ('8306351134', 'Lucienne Rowson', 'lrowson6a@smh.com.au', '5461005721', 'p');
insert into afiliados (cedula, nombre, correo, telefono, tipo) values ('2154254918', 'Susanna Hammerberger', 'shammerberger6b@prlog.org', '8826129541', 'o');
insert into afiliados (cedula, nombre, correo, telefono, tipo) values ('3576113290', 'Arliene Dommett', 'adommett6c@who.int', '8799697610', 'n');
insert into afiliados (cedula, nombre, correo, telefono, tipo) values ('4680219297', 'Zachery Denisyev', 'zdenisyev6d@business.com', '0234182903', 'n');
insert into afiliados (cedula, nombre, correo, telefono, tipo) values ('8112427739', 'Pammie Touzey', 'ptouzey6e@acquirethisname.com', '6445874738', 'p');
insert into afiliados (cedula, nombre, correo, telefono, tipo) values ('1851946535', 'Wade Reneke', 'wreneke6f@weibo.com', '8992821182', 'o');
insert into afiliados (cedula, nombre, correo, telefono, tipo) values ('4028107849', 'Wakefield Waldram', 'wwaldram6g@myspace.com', '2629788865', 'o');
insert into afiliados (cedula, nombre, correo, telefono, tipo) values ('7234718621', 'Lydia Scranedge', 'lscranedge6h@timesonline.co.uk', '0370126335', 'p');
insert into afiliados (cedula, nombre, correo, telefono, tipo) values ('1051153050', 'Dari De Fries', 'dde6i@com.com', '2628447967', 'o');
insert into afiliados (cedula, nombre, correo, telefono, tipo) values ('2063770379', 'Anita Sydney', 'asydney6j@phoca.cz', '7696681990', 'o');
insert into afiliados (cedula, nombre, correo, telefono, tipo) values ('4723988491', 'Gabriellia MacGlory', 'gmacglory6k@dedecms.com', '0142122300', 'o');
insert into afiliados (cedula, nombre, correo, telefono, tipo) values ('7155818046', 'Adriaens Tuttle', 'atuttle6l@mtv.com', '3101759722', 'p');
insert into afiliados (cedula, nombre, correo, telefono, tipo) values ('1340878402', 'Sigismund Disman', 'sdisman6m@seattletimes.com', '2111022217', 'p');
insert into afiliados (cedula, nombre, correo, telefono, tipo) values ('9606662306', 'Mariele Tacey', 'mtacey6n@independent.co.uk', '8094551860', 'o');
insert into afiliados (cedula, nombre, correo, telefono, tipo) values ('4772192581', 'Pat Braxay', 'pbraxay6o@reddit.com', '3743934787', 'n');
insert into afiliados (cedula, nombre, correo, telefono, tipo) values ('4108430808', 'Yorgos Lammerts', 'ylammerts6p@whitehouse.gov', '4684111911', 'o');
insert into afiliados (cedula, nombre, correo, telefono, tipo) values ('9268404486', 'Adella Strowan', 'astrowan6q@google.com.hk', '8754240344', 'n');
insert into afiliados (cedula, nombre, correo, telefono, tipo) values ('7954877620', 'Bryon Zellick', 'bzellick6r@latimes.com', '4047428531', 'o');
insert into afiliados (cedula, nombre, correo, telefono, tipo) values ('5727053102', 'Garrik Phizakarley', 'gphizakarley6s@patch.com', '5242213787', 'n');
insert into afiliados (cedula, nombre, correo, telefono, tipo) values ('3783161363', 'Trudi Balme', 'tbalme6t@artisteer.com', '4776070464', 'p');
insert into afiliados (cedula, nombre, correo, telefono, tipo) values ('3253186377', 'Benedick Gilderoy', 'bgilderoy6u@tinyurl.com', '4923857862', 'n');
insert into afiliados (cedula, nombre, correo, telefono, tipo) values ('9087457537', 'Woodman Syddall', 'wsyddall6v@google.pl', '6294494001', 'n');
insert into afiliados (cedula, nombre, correo, telefono, tipo) values ('2168864896', 'Rosene Linskey', 'rlinskey6w@tumblr.com', '3425224611', 'n');
insert into afiliados (cedula, nombre, correo, telefono, tipo) values ('3270721056', 'Giulio Trudgion', 'gtrudgion6x@xinhuanet.com', '9111478292', 'n');
insert into afiliados (cedula, nombre, correo, telefono, tipo) values ('3846535559', 'Kate Fairlem', 'kfairlem6y@ebay.co.uk', '5127691655', 'p');
insert into afiliados (cedula, nombre, correo, telefono, tipo) values ('0250976609', 'Louisette Dugall', 'ldugall6z@blogs.com', '4980817688', 'p');
insert into afiliados (cedula, nombre, correo, telefono, tipo) values ('9278030074', 'Hedwiga Claiton', 'hclaiton70@yellowbook.com', '2574613449', 'n');
insert into afiliados (cedula, nombre, correo, telefono, tipo) values ('0727262181', 'Raynard Nicklin', 'rnicklin71@live.com', '2215963077', 'n');
insert into afiliados (cedula, nombre, correo, telefono, tipo) values ('2985186226', 'Carol-jean Radborne', 'cradborne72@fastcompany.com', '0210857358', 'o');
insert into afiliados (cedula, nombre, correo, telefono, tipo) values ('8783367942', 'Morena Gurnee', 'mgurnee73@about.com', '2365444652', 'p');
insert into afiliados (cedula, nombre, correo, telefono, tipo) values ('5914433614', 'Kata McCoughan', 'kmccoughan74@homestead.com', '3473090255', 'p');
insert into afiliados (cedula, nombre, correo, telefono, tipo) values ('3282206410', 'Fabiano Punton', 'fpunton75@bbb.org', '3152315430', 'n');
insert into afiliados (cedula, nombre, correo, telefono, tipo) values ('6241165623', 'Raye Choffin', 'rchoffin76@dell.com', '7161845122', 'n');
insert into afiliados (cedula, nombre, correo, telefono, tipo) values ('8353489228', 'Leandra Dolle', 'ldolle77@domainmarket.com', '2184643386', 'o');
insert into afiliados (cedula, nombre, correo, telefono, tipo) values ('9487145362', 'Dirk Harlock', 'dharlock78@businessinsider.com', '6260521278', 'n');
insert into afiliados (cedula, nombre, correo, telefono, tipo) values ('2933058898', 'Winslow Geke', 'wgeke79@fema.gov', '0014774712', 'n');
insert into afiliados (cedula, nombre, correo, telefono, tipo) values ('4298653498', 'Shellysheldon Gino', 'sgino7a@youtu.be', '0752860585', 'p');
insert into afiliados (cedula, nombre, correo, telefono, tipo) values ('2241010359', 'Justis Eddington', 'jeddington7b@upenn.edu', '7533082184', 'o');
insert into afiliados (cedula, nombre, correo, telefono, tipo) values ('1557526273', 'Sandye Creasy', 'screasy7c@posterous.com', '7648220156', 'o');
insert into afiliados (cedula, nombre, correo, telefono, tipo) values ('0275234924', 'Jobey Sponder', 'jsponder7d@mail.ru', '0012444901', 'p');
insert into afiliados (cedula, nombre, correo, telefono, tipo) values ('7145345072', 'Oberon Hartford', 'ohartford7e@imgur.com', '5619479641', 'o');
insert into afiliados (cedula, nombre, correo, telefono, tipo) values ('3611023213', 'Tito Bankhurst', 'tbankhurst7f@state.tx.us', '0627548679', 'o');
insert into afiliados (cedula, nombre, correo, telefono, tipo) values ('3352556822', 'Calhoun Ryhorovich', 'cryhorovich7g@upenn.edu', '3520317516', 'n');
insert into afiliados (cedula, nombre, correo, telefono, tipo) values ('6400534288', 'Rodrick Sissland', 'rsissland7h@wikia.com', '6809712267', 'o');
insert into afiliados (cedula, nombre, correo, telefono, tipo) values ('9564651077', 'Valeda Cayser', 'vcayser7i@acquirethisname.com', '0422125644', 'o');
insert into afiliados (cedula, nombre, correo, telefono, tipo) values ('0742273288', 'Bevan Rettie', 'brettie7j@wunderground.com', '1637004400', 'n');
insert into afiliados (cedula, nombre, correo, telefono, tipo) values ('2955380075', 'Murdock Bewshire', 'mbewshire7k@cnbc.com', '9457648625', 'p');
insert into afiliados (cedula, nombre, correo, telefono, tipo) values ('1306782759', 'Kristofor Hassin', 'khassin7l@livejournal.com', '6761522951', 'n');
insert into afiliados (cedula, nombre, correo, telefono, tipo) values ('0643067914', 'Griswold McLoney', 'gmcloney7m@newsvine.com', '5638604774', 'o');
insert into afiliados (cedula, nombre, correo, telefono, tipo) values ('4162494088', 'Tommie Dootson', 'tdootson7n@cocolog-nifty.com', '8664838860', 'o');
insert into afiliados (cedula, nombre, correo, telefono, tipo) values ('4115423609', 'Kelci Climpson', 'kclimpson7o@t-online.de', '8037972216', 'o');
insert into afiliados (cedula, nombre, correo, telefono, tipo) values ('3776631236', 'Allsun Baudy', 'abaudy7p@is.gd', '4966683041', 'n');
insert into afiliados (cedula, nombre, correo, telefono, tipo) values ('7418530706', 'Hy Edgehill', 'hedgehill7q@elpais.com', '2969262118', 'o');
insert into afiliados (cedula, nombre, correo, telefono, tipo) values ('4438234433', 'Carmina Foggo', 'cfoggo7r@time.com', '7309141776', 'n');
insert into afiliados (cedula, nombre, correo, telefono, tipo) values ('2462153217', 'Ellette Leschelle', 'eleschelle7s@ox.ac.uk', '0592776727', 'n');
insert into afiliados (cedula, nombre, correo, telefono, tipo) values ('7148440459', 'Gabbie Philpott', 'gphilpott7t@fastcompany.com', '4949302353', 'p');
insert into afiliados (cedula, nombre, correo, telefono, tipo) values ('5811814259', 'Merwin McKimmey', 'mmckimmey7u@dropbox.com', '0498148955', 'n');
insert into afiliados (cedula, nombre, correo, telefono, tipo) values ('5262439152', 'Byrle Dall', 'bdall7v@bloglovin.com', '2257869583', 'o');
insert into afiliados (cedula, nombre, correo, telefono, tipo) values ('2797736508', 'Nedda Ferry', 'nferry7w@facebook.com', '7104020373', 'n');
insert into afiliados (cedula, nombre, correo, telefono, tipo) values ('0406653860', 'Jermain Spleving', 'jspleving7x@alexa.com', '3591918709', 'p');
insert into afiliados (cedula, nombre, correo, telefono, tipo) values ('0516640712', 'Minette Hollows', 'mhollows7y@ft.com', '6508299875', 'p');
insert into afiliados (cedula, nombre, correo, telefono, tipo) values ('7423996610', 'Domenic Melendez', 'dmelendez7z@angelfire.com', '8781091028', 'p');
insert into afiliados (cedula, nombre, correo, telefono, tipo) values ('6399442737', 'Angel Cassedy', 'acassedy80@live.com', '9950417821', 'o');
insert into afiliados (cedula, nombre, correo, telefono, tipo) values ('1126379387', 'Sophie Baysting', 'sbaysting81@etsy.com', '1978359268', 'n');
insert into afiliados (cedula, nombre, correo, telefono, tipo) values ('0274314002', 'Eilis Blennerhassett', 'eblennerhassett82@dyndns.org', '5111699015', 'n');
insert into afiliados (cedula, nombre, correo, telefono, tipo) values ('5094618555', 'Bessie Lorens', 'blorens83@sina.com.cn', '0741987295', 'p');
insert into afiliados (cedula, nombre, correo, telefono, tipo) values ('3802024559', 'Currey Brooksby', 'cbrooksby84@webeden.co.uk', '7556588912', 'o');
insert into afiliados (cedula, nombre, correo, telefono, tipo) values ('5069275399', 'Dehlia Rayment', 'drayment85@fema.gov', '1209022133', 'n');
insert into afiliados (cedula, nombre, correo, telefono, tipo) values ('9981044105', 'Lurline Coplestone', 'lcoplestone86@aol.com', '4088921992', 'n');
insert into afiliados (cedula, nombre, correo, telefono, tipo) values ('7794553164', 'Ashil Kubis', 'akubis87@icio.us', '7053387836', 'n');
insert into afiliados (cedula, nombre, correo, telefono, tipo) values ('8204259239', 'Donelle Alliker', 'dalliker88@wufoo.com', '1018936440', 'p');
insert into afiliados (cedula, nombre, correo, telefono, tipo) values ('4901892290', 'Rodge Braime', 'rbraime89@usda.gov', '4421386006', 'p');
insert into afiliados (cedula, nombre, correo, telefono, tipo) values ('6658875774', 'Dew Stuffins', 'dstuffins8a@theatlantic.com', '2187354199', 'n');
insert into afiliados (cedula, nombre, correo, telefono, tipo) values ('4716520218', 'Elana Harmond', 'eharmond8b@unblog.fr', '9917961909', 'p');
insert into afiliados (cedula, nombre, correo, telefono, tipo) values ('6631061024', 'Herta Guard', 'hguard8c@homestead.com', '2809857962', 'o');
insert into afiliados (cedula, nombre, correo, telefono, tipo) values ('2266114921', 'Grove Anthoin', 'ganthoin8d@kickstarter.com', '2009025431', 'n');
insert into afiliados (cedula, nombre, correo, telefono, tipo) values ('9018581062', 'Shandeigh Cloutt', 'scloutt8e@opera.com', '3517094676', 'o');
insert into afiliados (cedula, nombre, correo, telefono, tipo) values ('4431554483', 'Kenneth Klousner', 'kklousner8f@amazon.de', '4229551169', 'p');
insert into afiliados (cedula, nombre, correo, telefono, tipo) values ('2375833120', 'Aurlie Nowill', 'anowill8g@acquirethisname.com', '5716309321', 'n');
insert into afiliados (cedula, nombre, correo, telefono, tipo) values ('4040365887', 'Carie Aherne', 'caherne8h@xrea.com', '6701656102', 'o');
insert into afiliados (cedula, nombre, correo, telefono, tipo) values ('5775280350', 'Ariela Milthorpe', 'amilthorpe8i@economist.com', '4674984459', 'p');
insert into afiliados (cedula, nombre, correo, telefono, tipo) values ('3874006581', 'Malina Dwyer', 'mdwyer8j@hc360.com', '8517100522', 'n');
insert into afiliados (cedula, nombre, correo, telefono, tipo) values ('3936676712', 'Jenni Fenwick', 'jfenwick8k@yale.edu', '6541971528', 'p');
insert into afiliados (cedula, nombre, correo, telefono, tipo) values ('3270045921', 'Desi Ravenscroftt', 'dravenscroftt8l@ihg.com', '2778912908', 'n');
insert into afiliados (cedula, nombre, correo, telefono, tipo) values ('7432902925', 'Stanislaw Atcheson', 'satcheson8m@weather.com', '8261353915', 'n');
insert into afiliados (cedula, nombre, correo, telefono, tipo) values ('5627881151', 'Anastasie Kowal', 'akowal8n@g.co', '8001139263', 'n');
insert into afiliados (cedula, nombre, correo, telefono, tipo) values ('7401521547', 'Brunhilda Goodbar', 'bgoodbar8o@shop-pro.jp', '6850833995', 'p');
insert into afiliados (cedula, nombre, correo, telefono, tipo) values ('2206324822', 'Kim Sleeford', 'ksleeford8p@360.cn', '9129520746', 'n');
insert into afiliados (cedula, nombre, correo, telefono, tipo) values ('4989197151', 'Julie Jenkison', 'jjenkison8q@microsoft.com', '4250240037', 'n');
insert into afiliados (cedula, nombre, correo, telefono, tipo) values ('1224720873', 'Marius Cross', 'mcross8r@smh.com.au', '7595584620', 'o');
insert into afiliados (cedula, nombre, correo, telefono, tipo) values ('1722147067', 'Shannan Jadczak', 'sjadczak8s@shinystat.com', '0390877654', 'n');
insert into afiliados (cedula, nombre, correo, telefono, tipo) values ('9686508376', 'Quincey Braben', 'qbraben8t@delicious.com', '5172263020', 'o');
insert into afiliados (cedula, nombre, correo, telefono, tipo) values ('3279807840', 'Trisha McAllan', 'tmcallan8u@icq.com', '9852827227', 'n');
insert into afiliados (cedula, nombre, correo, telefono, tipo) values ('6190649157', 'Taber Hutcheson', 'thutcheson8v@photobucket.com', '4217684711', 'n');
insert into afiliados (cedula, nombre, correo, telefono, tipo) values ('4752703556', 'Arly Boxall', 'aboxall8w@independent.co.uk', '7431905025', 'o');
insert into afiliados (cedula, nombre, correo, telefono, tipo) values ('5077444331', 'Annabel Broadnicke', 'abroadnicke8x@booking.com', '5810962602', 'o');
insert into afiliados (cedula, nombre, correo, telefono, tipo) values ('2672753733', 'Barbaraanne Longhorne', 'blonghorne8y@hibu.com', '3672779733', 'o');
insert into afiliados (cedula, nombre, correo, telefono, tipo) values ('8389005794', 'Mathew Westoff', 'mwestoff8z@huffingtonpost.com', '2514304083', 'o');
insert into afiliados (cedula, nombre, correo, telefono, tipo) values ('9864813706', 'Raoul Cubbinelli', 'rcubbinelli90@nymag.com', '8362921927', 'o');
insert into afiliados (cedula, nombre, correo, telefono, tipo) values ('5971427911', 'Ruttger Kendle', 'rkendle91@twitter.com', '6439507362', 'p');
insert into afiliados (cedula, nombre, correo, telefono, tipo) values ('3742765558', 'Kristofer Cranstoun', 'kcranstoun92@seattletimes.com', '4101017727', 'o');
insert into afiliados (cedula, nombre, correo, telefono, tipo) values ('0818955732', 'Starla Gorden', 'sgorden93@amazonaws.com', '2686219599', 'n');
insert into afiliados (cedula, nombre, correo, telefono, tipo) values ('6929481971', 'Waly Boswood', 'wboswood94@chronoengine.com', '5062131898', 'p');
insert into afiliados (cedula, nombre, correo, telefono, tipo) values ('3360918126', 'Roarke Giovannazzi', 'rgiovannazzi95@ifeng.com', '8048860821', 'o');
insert into afiliados (cedula, nombre, correo, telefono, tipo) values ('1768391246', 'Reilly Ronald', 'rronald96@sbwire.com', '0349744823', 'p');
insert into afiliados (cedula, nombre, correo, telefono, tipo) values ('8371480520', 'Stearne Gagin', 'sgagin97@artisteer.com', '8109192866', 'n');
insert into afiliados (cedula, nombre, correo, telefono, tipo) values ('9591590822', 'Hedwig Worcester', 'hworcester98@bbb.org', '2758720310', 'o');
insert into afiliados (cedula, nombre, correo, telefono, tipo) values ('5865326325', 'Terry Pedlar', 'tpedlar99@noaa.gov', '9621653916', 'n');
insert into afiliados (cedula, nombre, correo, telefono, tipo) values ('8981236933', 'Coralie Mallia', 'cmallia9a@baidu.com', '4339833983', 'n');
insert into afiliados (cedula, nombre, correo, telefono, tipo) values ('4433219576', 'Reynard Baldack', 'rbaldack9b@domainmarket.com', '0304052256', 'n');
insert into afiliados (cedula, nombre, correo, telefono, tipo) values ('0551987650', 'Orson Fontanet', 'ofontanet9c@virginia.edu', '7287786583', 'p');
insert into afiliados (cedula, nombre, correo, telefono, tipo) values ('9076081492', 'Astra Abden', 'aabden9d@trellian.com', '1699437688', 'p');
insert into afiliados (cedula, nombre, correo, telefono, tipo) values ('0050890263', 'Kev Dinsdale', 'kdinsdale9e@archive.org', '4637301378', 'p');
insert into afiliados (cedula, nombre, correo, telefono, tipo) values ('2604636468', 'Avrom Cross', 'across9f@zdnet.com', '7915781561', 'o');
insert into afiliados (cedula, nombre, correo, telefono, tipo) values ('8561537434', 'Benito Symson', 'bsymson9g@ihg.com', '4236231395', 'p');
insert into afiliados (cedula, nombre, correo, telefono, tipo) values ('0817499504', 'Odelinda Fanner', 'ofanner9h@techcrunch.com', '2170230181', 'o');
insert into afiliados (cedula, nombre, correo, telefono, tipo) values ('4691531076', 'Adiana Burdis', 'aburdis9i@shinystat.com', '5742804598', 'n');
insert into afiliados (cedula, nombre, correo, telefono, tipo) values ('5195352704', 'Engelbert Dewett', 'edewett9j@cbc.ca', '9118215661', 'p');
insert into afiliados (cedula, nombre, correo, telefono, tipo) values ('0444159991', 'Chevalier Battson', 'cbattson9k@etsy.com', '6301118588', 'p');
insert into afiliados (cedula, nombre, correo, telefono, tipo) values ('7150538746', 'Kippy Bescoby', 'kbescoby9l@symantec.com', '1340755610', 'o');
insert into afiliados (cedula, nombre, correo, telefono, tipo) values ('1315515547', 'Edie Twelftree', 'etwelftree9m@gizmodo.com', '3996067925', 'o');
insert into afiliados (cedula, nombre, correo, telefono, tipo) values ('2487315539', 'Charlotta Glasspool', 'cglasspool9n@webeden.co.uk', '3476917789', 'p');
insert into afiliados (cedula, nombre, correo, telefono, tipo) values ('1478453133', 'Hewe Peron', 'hperon9o@wikispaces.com', '0865531676', 'n');
insert into afiliados (cedula, nombre, correo, telefono, tipo) values ('3252532409', 'Jdavie Flucker', 'jflucker9p@redcross.org', '0565653121', 'o');
insert into afiliados (cedula, nombre, correo, telefono, tipo) values ('4817396407', 'Alyda Pifford', 'apifford9q@springer.com', '6025899142', 'p');
insert into afiliados (cedula, nombre, correo, telefono, tipo) values ('5357354138', 'Sanderson Raphael', 'sraphael9r@topsy.com', '4497418324', 'o');
insert into afiliados (cedula, nombre, correo, telefono, tipo) values ('1447462432', 'Chandra Speakman', 'cspeakman9s@loc.gov', '4522264534', 'o');
insert into afiliados (cedula, nombre, correo, telefono, tipo) values ('8401494141', 'Marcie Patrick', 'mpatrick9t@nifty.com', '5321230935', 'n');
insert into afiliados (cedula, nombre, correo, telefono, tipo) values ('0680970606', 'Virginia Wint', 'vwint9u@springer.com', '4149441340', 'p');
insert into afiliados (cedula, nombre, correo, telefono, tipo) values ('3069139140', 'Georgy McKinlay', 'gmckinlay9v@digg.com', '0476469856', 'p');
insert into afiliados (cedula, nombre, correo, telefono, tipo) values ('7968109116', 'Mick Postles', 'mpostles9w@omniture.com', '4724392428', 'n');
insert into afiliados (cedula, nombre, correo, telefono, tipo) values ('9476877537', 'Cori Grabb', 'cgrabb9x@clickbank.net', '4967062539', 'n');
insert into afiliados (cedula, nombre, correo, telefono, tipo) values ('4093990263', 'Ami Rigg', 'arigg9y@sciencedaily.com', '1189167840', 'n');
insert into afiliados (cedula, nombre, correo, telefono, tipo) values ('5313390139', 'Florencia Lynthal', 'flynthal9z@shop-pro.jp', '5182243618', 'o');
insert into afiliados (cedula, nombre, correo, telefono, tipo) values ('2691362442', 'Ashely Breen', 'abreena0@merriam-webster.com', '3483203303', 'o');
insert into afiliados (cedula, nombre, correo, telefono, tipo) values ('8322594755', 'Gabrila Quinlan', 'gquinlana1@spiegel.de', '2627479946', 'o');
insert into afiliados (cedula, nombre, correo, telefono, tipo) values ('2679488083', 'Lauri Caldaro', 'lcaldaroa2@yelp.com', '1341990648', 'p');
insert into afiliados (cedula, nombre, correo, telefono, tipo) values ('8926523632', 'Nicolea Hargitt', 'nhargitta3@toplist.cz', '5413378955', 'p');
insert into afiliados (cedula, nombre, correo, telefono, tipo) values ('6301279034', 'Bartie Banister', 'bbanistera4@ibm.com', '5363093138', 'n');
insert into afiliados (cedula, nombre, correo, telefono, tipo) values ('4145898508', 'Lefty Aird', 'lairda5@ted.com', '8951075591', 'o');
insert into afiliados (cedula, nombre, correo, telefono, tipo) values ('2241986291', 'Cassy Costi', 'ccostia6@wordpress.org', '2752862059', 'p');
insert into afiliados (cedula, nombre, correo, telefono, tipo) values ('2537638328', 'Tobey Pucknell', 'tpucknella7@ebay.co.uk', '5037384303', 'n');
insert into afiliados (cedula, nombre, correo, telefono, tipo) values ('7653026567', 'Kiah Husband', 'khusbanda8@sciencedirect.com', '6963115613', 'n');
insert into afiliados (cedula, nombre, correo, telefono, tipo) values ('3368411276', 'Laurena Barbrook', 'lbarbrooka9@php.net', '6799235038', 'p');
insert into afiliados (cedula, nombre, correo, telefono, tipo) values ('3064619551', 'Ursulina Underdown', 'uunderdownaa@behance.net', '1226679544', 'o');
insert into afiliados (cedula, nombre, correo, telefono, tipo) values ('0899828760', 'Keen Camin', 'kcaminab@senate.gov', '8061882515', 'o');
insert into afiliados (cedula, nombre, correo, telefono, tipo) values ('2120901252', 'Filmer Tupling', 'ftuplingac@netvibes.com', '1113361956', 'o');
insert into afiliados (cedula, nombre, correo, telefono, tipo) values ('3588098550', 'Crista Von Welldun', 'cvonad@baidu.com', '4404062605', 'o');
insert into afiliados (cedula, nombre, correo, telefono, tipo) values ('0392547902', 'Michelina Ambresin', 'mambresinae@nba.com', '9547090801', 'o');
insert into afiliados (cedula, nombre, correo, telefono, tipo) values ('5723063863', 'Ines Abbe', 'iabbeaf@t.co', '1559951176', 'o');
insert into afiliados (cedula, nombre, correo, telefono, tipo) values ('6975712514', 'Callida Singleton', 'csingletonag@diigo.com', '8950131978', 'n');
insert into afiliados (cedula, nombre, correo, telefono, tipo) values ('1283200252', 'Gracia Gaskarth', 'ggaskarthah@unicef.org', '6612211229', 'o');
insert into afiliados (cedula, nombre, correo, telefono, tipo) values ('6149108627', 'Brooke Gunthorp', 'bgunthorpai@sfgate.com', '7057336675', 'o');
insert into afiliados (cedula, nombre, correo, telefono, tipo) values ('7069750706', 'Jordan Quartly', 'jquartlyaj@amazon.co.jp', '8633986671', 'o');
insert into afiliados (cedula, nombre, correo, telefono, tipo) values ('3826868048', 'Kimberlyn MacGuigan', 'kmacguiganak@chronoengine.com', '8562348422', 'n');
insert into afiliados (cedula, nombre, correo, telefono, tipo) values ('3722019974', 'Craggie Peris', 'cperisal@shareasale.com', '8467358092', 'n');
insert into afiliados (cedula, nombre, correo, telefono, tipo) values ('1909216658', 'Jillayne Bubb', 'jbubbam@myspace.com', '9596588117', 'p');
insert into afiliados (cedula, nombre, correo, telefono, tipo) values ('3263885049', 'Jerrylee Fairall', 'jfairallan@rediff.com', '7991381390', 'o');
insert into afiliados (cedula, nombre, correo, telefono, tipo) values ('2475606797', 'Rhodie Luetkemeyer', 'rluetkemey@survey.com', '0425786803', 'p');
insert into afiliados (cedula, nombre, correo, telefono, tipo) values ('1341178358', 'Merl Carlon', 'mcarlonap@indiatimes.com', '4635578674', 'n');
insert into afiliados (cedula, nombre, correo, telefono, tipo) values ('9159683856', 'Golda Glasscott', 'gglasscottaq@1688.com', '6650712698', 'p');
insert into afiliados (cedula, nombre, correo, telefono, tipo) values ('8808645789', 'Joni Patron', 'jpatronar@cnet.com', '6184499793', 'o');
insert into afiliados (cedula, nombre, correo, telefono, tipo) values ('1894452038', 'Borg Skittrall', 'bskittrallas@illinois.edu', '8040991579', 'p');
insert into afiliados (cedula, nombre, correo, telefono, tipo) values ('4152054794', 'Constantine Janicek', 'cjanicekat@bravesites.com', '8722393382', 'n');
insert into afiliados (cedula, nombre, correo, telefono, tipo) values ('2011522404', 'Rosalia Lowin', 'rlowinau@craigslist.org', '4801942083', 'p');
insert into afiliados (cedula, nombre, correo, telefono, tipo) values ('6736979080', 'Patin Attfield', 'pattfieldav@soup.io', '9110690956', 'p');
insert into afiliados (cedula, nombre, correo, telefono, tipo) values ('8667664855', 'Arnie Itchingham', 'aitchinghamaw@list-manage.com', '1254000135', 'o');
insert into afiliados (cedula, nombre, correo, telefono, tipo) values ('9452826495', 'Felipe Bielefeld', 'fbielefeldax@xrea.com', '3372702859', 'n');
insert into afiliados (cedula, nombre, correo, telefono, tipo) values ('3453126386', 'Babs Dozdill', 'bdozdillay@blog.com', '0019081707', 'n');
insert into afiliados (cedula, nombre, correo, telefono, tipo) values ('5530207294', 'Michail Horney', 'mhorneyaz@ow.ly', '5417430889', 'p');
insert into afiliados (cedula, nombre, correo, telefono, tipo) values ('1970509686', 'Marlane Tilburn', 'mtilburnb0@si.edu', '0329406620', 'p');
insert into afiliados (cedula, nombre, correo, telefono, tipo) values ('6812375373', 'Siffre Huard', 'shuardb1@hibu.com', '6116637590', 'o');
insert into afiliados (cedula, nombre, correo, telefono, tipo) values ('2555180524', 'Gardiner Mileham', 'gmilehamb2@rambler.ru', '0487375750', 'o');
insert into afiliados (cedula, nombre, correo, telefono, tipo) values ('6572906906', 'Cash Kaminski', 'ckaminskib3@foxnews.com', '8902090809', 'p');
insert into afiliados (cedula, nombre, correo, telefono, tipo) values ('2636495185', 'Dorri Dawbury', 'ddawburyb4@arstechnica.com', '3962441603', 'n');
insert into afiliados (cedula, nombre, correo, telefono, tipo) values ('6857262799', 'Ezekiel Caldera', 'ecalderab5@simplemachines.org', '7168084682', 'n');
insert into afiliados (cedula, nombre, correo, telefono, tipo) values ('9728200137', 'Augustina Cattrall', 'acattrallb6@zimbio.com', '2259133371', 'n');
insert into afiliados (cedula, nombre, correo, telefono, tipo) values ('6604494934', 'Darcy Crosgrove', 'dcrosgroveb7@ebay.com', '5395123644', 'o');
insert into afiliados (cedula, nombre, correo, telefono, tipo) values ('1850490600', 'Corabelle Kitcher', 'ckitcherb8@apache.org', '8995698225', 'o');
insert into afiliados (cedula, nombre, correo, telefono, tipo) values ('5650323534', 'Benjy Masterman', 'bmastermanb9@theatlantic.com', '9484029752', 'n');
insert into afiliados (cedula, nombre, correo, telefono, tipo) values ('7802001943', 'Kylie Cottis', 'kcottisba@lycos.com', '0777502038', 'p');
insert into afiliados (cedula, nombre, correo, telefono, tipo) values ('3524456731', 'Evelyn Obispo', 'eobispobb@paypal.com', '2567282238', 'p');
insert into afiliados (cedula, nombre, correo, telefono, tipo) values ('9976606583', 'Cleveland Febre', 'cfebrebc@elpais.com', '4354327198', 'p');
insert into afiliados (cedula, nombre, correo, telefono, tipo) values ('3908348846', 'Kenneth Willden', 'kwilldenbd@unicef.org', '5076126697', 'p');
insert into afiliados (cedula, nombre, correo, telefono, tipo) values ('7844042710', 'Cecil Greener', 'cgreenerbe@answers.com', '3933714060', 'p');
insert into afiliados (cedula, nombre, correo, telefono, tipo) values ('5056528927', 'Eleen Alves', 'ealvesbf@typepad.com', '4257698292', 'n');
insert into afiliados (cedula, nombre, correo, telefono, tipo) values ('9437056757', 'Joeann Laurent', 'jlaurentbg@shareasale.com', '8517140656', 'n');
insert into afiliados (cedula, nombre, correo, telefono, tipo) values ('0907781098', 'Leonerd Jiggins', 'ljigginsbh@artisteer.com', '6068765520', 'n');
insert into afiliados (cedula, nombre, correo, telefono, tipo) values ('5984207117', 'Sancho Padrick', 'spadrickbi@buzzfeed.com', '8165049186', 'o');
insert into afiliados (cedula, nombre, correo, telefono, tipo) values ('2473930201', 'Cory Tournay', 'ctournaybj@angelfire.com', '8754314348', 'o');
insert into afiliados (cedula, nombre, correo, telefono, tipo) values ('9384937797', 'Jimmy Blooman', 'jbloomanbk@instagram.com', '2683244118', 'o');
insert into afiliados (cedula, nombre, correo, telefono, tipo) values ('0707147816', 'Kiel Cecely', 'kcecelybl@rambler.ru', '7860641658', 'o');
insert into afiliados (cedula, nombre, correo, telefono, tipo) values ('3021284248', 'Blancha Lace', 'blacebm@nih.gov', '0113225741', 'n');
insert into afiliados (cedula, nombre, correo, telefono, tipo) values ('2272785662', 'Randie Moring', 'rmoringbn@jugem.jp', '6254172127', 'o');
insert into afiliados (cedula, nombre, correo, telefono, tipo) values ('1130548589', 'Felicdad Smoth', 'fsmothbo@dropbox.com', '3157843796', 'n');
insert into afiliados (cedula, nombre, correo, telefono, tipo) values ('6954681393', 'Muhammad Cartmel', 'mcartmelbp@dropbox.com', '8709256423', 'p');
insert into afiliados (cedula, nombre, correo, telefono, tipo) values ('3440758974', 'Roze Staton', 'rstatonbq@walmart.com', '5207726765', 'o');
insert into afiliados (cedula, nombre, correo, telefono, tipo) values ('1822523397', 'Madison Hewes', 'mhewesbr@businesswire.com', '5731235694', 'n');
insert into afiliados (cedula, nombre, correo, telefono, tipo) values ('4219448896', 'Giusto Klain', 'gklainbs@sbwire.com', '8661305187', 'p');
insert into afiliados (cedula, nombre, correo, telefono, tipo) values ('5319024525', 'Padgett O Corrigane', 'pocorri@deliciousdays.com', '6981340968', 'o');
insert into afiliados (cedula, nombre, correo, telefono, tipo) values ('4475569737', 'Consuelo Leman', 'clemanbu@cnbc.com', '8233930032', 'n');
insert into afiliados (cedula, nombre, correo, telefono, tipo) values ('8554955269', 'Susanna Gingles', 'sginglesbv@dmoz.org', '1979905045', 'n');
insert into afiliados (cedula, nombre, correo, telefono, tipo) values ('6147144359', 'Genia Wadforth', 'gwadforthbw@gravatar.com', '9850137118', 'o');
insert into afiliados (cedula, nombre, correo, telefono, tipo) values ('9180357245', 'Michaeline Hedworth', 'mhedworthbx@indiegogo.com', '4145546393', 'p');
insert into afiliados (cedula, nombre, correo, telefono, tipo) values ('8062020339', 'Whitby Capper', 'wcapperby@soundcloud.com', '1781077614', 'p');
insert into afiliados (cedula, nombre, correo, telefono, tipo) values ('9747564092', 'Deidre Krochmann', 'dkrochmannbz@timesonline.co.uk', '8115870188', 'o');
insert into afiliados (cedula, nombre, correo, telefono, tipo) values ('7050118583', 'Koo Noods', 'knoodsc0@toplist.cz', '9670014778', 'o');
insert into afiliados (cedula, nombre, correo, telefono, tipo) values ('9839912593', 'Teena Angrock', 'tangrockc1@google.com.hk', '9289365994', 'p');
insert into afiliados (cedula, nombre, correo, telefono, tipo) values ('6579358564', 'Devi Buston', 'dbustonc2@squidoo.com', '1510789324', 'n');
insert into afiliados (cedula, nombre, correo, telefono, tipo) values ('7691811322', 'Janeta Ramelet', 'jrameletc3@creativecommons.org', '1311198180', 'p');
insert into afiliados (cedula, nombre, correo, telefono, tipo) values ('4269358025', 'Axel Bamfield', 'abamfieldc4@php.net', '6898895214', 'n');
insert into afiliados (cedula, nombre, correo, telefono, tipo) values ('1709318724', 'Melissa Denacamp', 'mdenacampc5@trellian.com', '8729882621', 'p');
insert into afiliados (cedula, nombre, correo, telefono, tipo) values ('0797785264', 'Kenon Goring', 'kgoringc6@flavors.me', '1997632284', 'p');
insert into afiliados (cedula, nombre, correo, telefono, tipo) values ('1172784477', 'Sebastian Calderon', 'scalderonc7@sina.com.cn', '9470314751', 'p');
insert into afiliados (cedula, nombre, correo, telefono, tipo) values ('3995453392', 'Allis Denacamp', 'adenacampc8@skype.com', '3474821490', 'o');
insert into afiliados (cedula, nombre, correo, telefono, tipo) values ('7849101634', 'Kelcie Gaynes', 'kgaynesc9@goo.ne.jp', '9581875344', 'n');
insert into afiliados (cedula, nombre, correo, telefono, tipo) values ('4847411447', 'Dix Arkle', 'darkleca@wikimedia.org', '8780904300', 'p');
insert into afiliados (cedula, nombre, correo, telefono, tipo) values ('8492873329', 'Boonie Vedmore', 'bvedmorecb@kickstarter.com', '5642620541', 'n');
insert into afiliados (cedula, nombre, correo, telefono, tipo) values ('6861437662', 'Coriss Tomaszynski', 'ctomaszynskicc@hubpages.com', '3638675890', 'o');
insert into afiliados (cedula, nombre, correo, telefono, tipo) values ('6183953393', 'Jonas Shenfisch', 'jshenfischcd@bloomberg.com', '0291207561', 'p');
insert into afiliados (cedula, nombre, correo, telefono, tipo) values ('8966785069', 'Balduin Cantu', 'bcantuce@gnu.org', '3152048793', 'n');
insert into afiliados (cedula, nombre, correo, telefono, tipo) values ('9839876171', 'Lola Schowenburg', 'lschowenburgcf@naver.com', '3418354270', 'o');
insert into afiliados (cedula, nombre, correo, telefono, tipo) values ('9910001268', 'Feodor Chirm', 'fchirmcg@pbs.org', '1117319598', 'n');
insert into afiliados (cedula, nombre, correo, telefono, tipo) values ('6524636627', 'Sidonia Breheny', 'sbrehenych@unesco.org', '8396159319', 'n');
insert into afiliados (cedula, nombre, correo, telefono, tipo) values ('4534515154', 'Nicko Martynka', 'nmartynkaci@epa.gov', '5750527433', 'n');
insert into afiliados (cedula, nombre, correo, telefono, tipo) values ('6282203422', 'Andriana Winsiowiecki', 'awinsiowieckicj@chron.com', '6263362979', 'n');
insert into afiliados (cedula, nombre, correo, telefono, tipo) values ('0402266781', 'Doralynn Learmouth', 'dlearmouthck@weebly.com', '5990492987', 'n');
insert into afiliados (cedula, nombre, correo, telefono, tipo) values ('4621504665', 'Euphemia Enright', 'eenrightcl@nba.com', '6869489904', 'p');
insert into afiliados (cedula, nombre, correo, telefono, tipo) values ('5465369000', 'Glenn Patek', 'gpatekcm@reuters.com', '0601888057', 'p');
insert into afiliados (cedula, nombre, correo, telefono, tipo) values ('3799963545', 'Garek Yankishin', 'gyankishincn@mit.edu', '0232061939', 'o');
insert into afiliados (cedula, nombre, correo, telefono, tipo) values ('6867974694', 'Fidelia Millican', 'fmillicanco@1und1.de', '0503412996', 'n');
insert into afiliados (cedula, nombre, correo, telefono, tipo) values ('6569764810', 'Kalie Pablos', 'kpabloscp@sciencedaily.com', '7540541334', 'n');
insert into afiliados (cedula, nombre, correo, telefono, tipo) values ('3124664051', 'Griffin Ferrotti', 'gferrot@busines.com', '2670088252', 'o');
insert into afiliados (cedula, nombre, correo, telefono, tipo) values ('1649942982', 'Elita Mechem', 'emechemcr@theglobeandmail.com', '7121130505', 'o');
insert into afiliados (cedula, nombre, correo, telefono, tipo) values ('1897180608', 'Nance Belleny', 'nbellenycs@opera.com', '8139668834', 'n');
insert into afiliados (cedula, nombre, correo, telefono, tipo) values ('0790520583', 'Alvin Wilderspoon', 'awilderspoonct@icio.us', '0418298629', 'o');
insert into afiliados (cedula, nombre, correo, telefono, tipo) values ('0064704815', 'Sella Tinham', 'stinhamcu@comsenz.com', '8170318203', 'p');
insert into afiliados (cedula, nombre, correo, telefono, tipo) values ('9454038354', 'Lem Pfaffe', 'lpfaffecv@epa.gov', '1773936689', 'n');
insert into afiliados (cedula, nombre, correo, telefono, tipo) values ('5739965470', 'Tymon McGilbon', 'tmcgilboncw@wikispaces.com', '1995668869', 'o');
insert into afiliados (cedula, nombre, correo, telefono, tipo) values ('3908068630', 'Rori Degoe', 'rdegoecx@com.com', '2427689815', 'p');
insert into afiliados (cedula, nombre, correo, telefono, tipo) values ('2288569379', 'Ambur Sandeson', 'asandesoncy@senate.gov', '1770638539', 'n');
insert into afiliados (cedula, nombre, correo, telefono, tipo) values ('5102589792', 'Ediva Boulton', 'eboultoncz@constantcontact.com', '6411376492', 'o');
insert into afiliados (cedula, nombre, correo, telefono, tipo) values ('3765132519', 'Rutter Powers', 'rpowersd0@prlog.org', '9261890377', 'n');
insert into afiliados (cedula, nombre, correo, telefono, tipo) values ('8332280923', 'Urson Nuzzetti', 'unuzzettid1@jimdo.com', '0009197265', 'o');
insert into afiliados (cedula, nombre, correo, telefono, tipo) values ('5873519641', 'Franny Acutt', 'facuttd2@51.la', '6855640060', 'p');
insert into afiliados (cedula, nombre, correo, telefono, tipo) values ('6850412795', 'Gerri Kilcullen', 'gkilcullend3@statcounter.com', '2407313577', 'p');
insert into afiliados (cedula, nombre, correo, telefono, tipo) values ('4770323379', 'Robby O Callaghan', 'rocallaghand4@princeton.edu', '3663063712', 'n');
insert into afiliados (cedula, nombre, correo, telefono, tipo) values ('6073482477', 'Winnifred Lotwich', 'wlotwichd5@infoseek.co.jp', '2352702690', 'p');
insert into afiliados (cedula, nombre, correo, telefono, tipo) values ('7606994404', 'Leesa Schwartz', 'lschwartzd6@vinaora.com', '9516892477', 'o');
insert into afiliados (cedula, nombre, correo, telefono, tipo) values ('5492494341', 'Winna Barrabeale', 'wbarrabealed7@gnu.org', '7975288187', 'o');
insert into afiliados (cedula, nombre, correo, telefono, tipo) values ('7340108440', 'Cobbie Attfield', 'cattfieldd8@xing.com', '7612432323', 'o');
insert into afiliados (cedula, nombre, correo, telefono, tipo) values ('7198249582', 'Elenore Guyton', 'eguytond9@salon.com', '1113577541', 'p');
insert into afiliados (cedula, nombre, correo, telefono, tipo) values ('9751332265', 'Hilde Argrave', 'hargraveda@google.com', '9560095056', 'p');
insert into afiliados (cedula, nombre, correo, telefono, tipo) values ('1110551347', 'Nealson MacFarlan', 'nmacfarlandb@altervista.org', '2275242600', 'o');
insert into afiliados (cedula, nombre, correo, telefono, tipo) values ('7383127374', 'Hilly Brice', 'hbricedc@fda.gov', '5293333100', 'p');
insert into afiliados (cedula, nombre, correo, telefono, tipo) values ('0599217332', 'Virginia Gilvary', 'vgilvarydd@rambler.ru', '7463063836', 'n');
insert into afiliados (cedula, nombre, correo, telefono, tipo) values ('9365404916', 'Dani Spawell', 'dspawellde@ehow.com', '8105642786', 'p');
insert into afiliados (cedula, nombre, correo, telefono, tipo) values ('4561026304', 'Dev Krahl', 'dkrahldf@livejournal.com', '6888513858', 'o');
insert into afiliados (cedula, nombre, correo, telefono, tipo) values ('9896093768', 'Constance Cotsford', 'ccotsforddg@ucoz.ru', '3967546934', 'n');
insert into afiliados (cedula, nombre, correo, telefono, tipo) values ('8905219950', 'Broddie Codron', 'bcodrondh@joomla.org', '6539872682', 'p');
insert into afiliados (cedula, nombre, correo, telefono, tipo) values ('1879248522', 'Marlon Hardinge', 'mhardingedi@diigo.com', '0581545206', 'n');
insert into afiliados (cedula, nombre, correo, telefono, tipo) values ('4483960555', 'Jonas Booth-Jarvis', 'jboothjarvisdj@skype.com', '6038451072', 'n');
insert into afiliados (cedula, nombre, correo, telefono, tipo) values ('5722715638', 'Florida Pedgrift', 'fpedgriftdk@mapy.cz', '4254821417', 'o');
insert into afiliados (cedula, nombre, correo, telefono, tipo) values ('2553955308', 'Pascal Glyn', 'pglyndl@who.int', '9454619896', 'n');
insert into afiliados (cedula, nombre, correo, telefono, tipo) values ('9580620520', 'Glennis Mitroshinov', 'gmitroshinovdm@ehow.com', '7373724892', 'p');
insert into afiliados (cedula, nombre, correo, telefono, tipo) values ('4801202772', 'Quinn Frank', 'qfrankdn@walmart.com', '5332900929', 'p');
insert into afiliados (cedula, nombre, correo, telefono, tipo) values ('6492263634', 'Marwin Blamire', 'mblamiredo@arizona.edu', '8836876625', 'n');
insert into afiliados (cedula, nombre, correo, telefono, tipo) values ('9416631191', 'Daveta Lucey', 'dluceydp@fc2.com', '1195897472', 'n');
insert into afiliados (cedula, nombre, correo, telefono, tipo) values ('6852347818', 'Britni Olyet', 'bolyetdq@miibeian.gov.cn', '9063203977', 'p');
insert into afiliados (cedula, nombre, correo, telefono, tipo) values ('2451225106', 'Nye Pedrielli', 'npedriellidr@geocities.com', '9610707882', 'n');
insert into afiliados (cedula, nombre, correo, telefono, tipo) values ('0557859107', 'Peyter Kegg', 'pkeggds@opera.com', '4313380108', 'o');
insert into afiliados (cedula, nombre, correo, telefono, tipo) values ('1677404361', 'Ellette Roderham', 'eroderhamdt@aboutads.info', '4322280463', 'n');
insert into afiliados (cedula, nombre, correo, telefono, tipo) values ('7742586150', 'Lorrayne Rudinger', 'lrudingerdu@cpanel.net', '2241667765', 'p');
insert into afiliados (cedula, nombre, correo, telefono, tipo) values ('5092539666', 'Gasparo Sotworth', 'gsotworthdv@ox.ac.uk', '9814757470', 'p');
insert into afiliados (cedula, nombre, correo, telefono, tipo) values ('8088000971', 'Angelique Chavrin', 'achavrindw@infoseek.co.jp', '8864921125', 'p');
insert into afiliados (cedula, nombre, correo, telefono, tipo) values ('6283304990', 'Dal Sallans', 'dsallansdx@merriam-webster.com', '4057603840', 'o');
insert into afiliados (cedula, nombre, correo, telefono, tipo) values ('3587056218', 'Aurlie Lower', 'alowerdy@hatena.ne.jp', '5197047291', 'n');
insert into afiliados (cedula, nombre, correo, telefono, tipo) values ('5807548957', 'Lucille Aylwin', 'laylwindz@microsoft.com', '5296112113', 'n');
insert into afiliados (cedula, nombre, correo, telefono, tipo) values ('5175494899', 'Wildon Upham', 'wuphame0@newsvine.com', '7944319048', 'n');
insert into afiliados (cedula, nombre, correo, telefono, tipo) values ('4242011598', 'Hilda Blue', 'hbluee1@pen.io', '9580876428', 'o');
insert into afiliados (cedula, nombre, correo, telefono, tipo) values ('7812246329', 'Buddie Fosher', 'bfoshere2@cloudflare.com', '2926084404', 'n');
insert into afiliados (cedula, nombre, correo, telefono, tipo) values ('7521662296', 'Xymenes O Mailey', 'xomaileye3@earthlink.net', '9166334179', 'p');
insert into afiliados (cedula, nombre, correo, telefono, tipo) values ('6711305043', 'Bob McGuckin', 'bmcguckine4@myspace.com', '2876805138', 'n');
insert into afiliados (cedula, nombre, correo, telefono, tipo) values ('7375440212', 'Kalvin Natwick', 'knatwicke5@cafepress.com', '7786424792', 'n');
insert into afiliados (cedula, nombre, correo, telefono, tipo) values ('0381196011', 'Prinz Turney', 'pturneye6@phoca.cz', '3168533203', 'p');
insert into afiliados (cedula, nombre, correo, telefono, tipo) values ('3159356302', 'Currey Schall', 'cschalle7@whitehouse.gov', '1687729832', 'n');
insert into afiliados (cedula, nombre, correo, telefono, tipo) values ('5649591024', 'Kendall Mackness', 'kmacknesse8@senate.gov', '4344429222', 'o');
insert into afiliados (cedula, nombre, correo, telefono, tipo) values ('2956879235', 'Alexine Heimann', 'aheimanne9@oracle.com', '6188185505', 'p');
insert into afiliados (cedula, nombre, correo, telefono, tipo) values ('4616328749', 'Ferdinanda Gowdy', 'fgowdyea@geocities.com', '0520978188', 'p');
insert into afiliados (cedula, nombre, correo, telefono, tipo) values ('8632250086', 'Kermy Whetnell', 'kwhetnelleb@webmd.com', '3883892521', 'p');
insert into afiliados (cedula, nombre, correo, telefono, tipo) values ('5985215571', 'Cal Kingcote', 'ckingcoteec@soup.io', '9634051693', 'n');
insert into afiliados (cedula, nombre, correo, telefono, tipo) values ('8595589623', 'Milton Pedlar', 'mpedlared@cloudflare.com', '3410763961', 'p');
insert into afiliados (cedula, nombre, correo, telefono, tipo) values ('6741026339', 'Addy Attow', 'aattowee@zdnet.com', '0572665709', 'n');
insert into afiliados (cedula, nombre, correo, telefono, tipo) values ('7192992666', 'Huntley Ryding', 'hrydingef@earthlink.net', '7088164906', 'o');
insert into afiliados (cedula, nombre, correo, telefono, tipo) values ('2706183632', 'Darrelle Johannesson', 'djohannessoneg@youku.com', '6360797526', 'n');
insert into afiliados (cedula, nombre, correo, telefono, tipo) values ('7012800356', 'Dorene Wurst', 'dwursteh@webmd.com', '8876028528', 'p');
insert into afiliados (cedula, nombre, correo, telefono, tipo) values ('4161478291', 'Hamlen Hame', 'hhameei@woothemes.com', '7951604836', 'p');
insert into afiliados (cedula, nombre, correo, telefono, tipo) values ('9837865601', 'Catarina Hand', 'chandej@tripod.com', '7280782892', 'o');
insert into afiliados (cedula, nombre, correo, telefono, tipo) values ('0560814569', 'Vergil Nuttall', 'vnuttallek@answers.com', '0629634742', 'n');
insert into afiliados (cedula, nombre, correo, telefono, tipo) values ('3898761215', 'Niko Gerrill', 'ngerrillel@pbs.org', '2468703170', 'o');
insert into afiliados (cedula, nombre, correo, telefono, tipo) values ('1535669527', 'Kacie Garritley', 'kgarritleyem@telegraph.co.uk', '5821987911', 'o');
insert into afiliados (cedula, nombre, correo, telefono, tipo) values ('4327587893', 'Eberhard McPherson', 'emcphers@network.org', '2234537886', 'p');
insert into afiliados (cedula, nombre, correo, telefono, tipo) values ('2363145690', 'Cristin Stuttman', 'cstuttmaneo@blogger.com', '4524132325', 'n');
insert into afiliados (cedula, nombre, correo, telefono, tipo) values ('7012415878', 'Breena Sturney', 'bsturneyep@imgur.com', '7808995835', 'p');
insert into afiliados (cedula, nombre, correo, telefono, tipo) values ('5060830349', 'Tommie Barts', 'tbartseq@dagondesign.com', '2160716073', 'p');
insert into afiliados (cedula, nombre, correo, telefono, tipo) values ('2291994409', 'Willa Bernier', 'wbernierer@posterous.com', '4198150737', 'n');
insert into afiliados (cedula, nombre, correo, telefono, tipo) values ('1945450053', 'Mari Tidbold', 'mtidboldes@illinois.edu', '9113506978', 'n');
insert into afiliados (cedula, nombre, correo, telefono, tipo) values ('3604833205', 'Putnem Glendining', 'pglendininget@whitehouse.gov', '2659888795', 'p');
insert into afiliados (cedula, nombre, correo, telefono, tipo) values ('0383261031', 'Goober Reburn', 'greburneu@google.co.jp', '7558980100', 'p');
insert into afiliados (cedula, nombre, correo, telefono, tipo) values ('2423476620', 'Virgil Waddington', 'vwaddingtonev@earthlink.net', '3867119600', 'p');
insert into afiliados (cedula, nombre, correo, telefono, tipo) values ('0163296081', 'Glynda Posner', 'gposnerew@canalblog.com', '0725858095', 'o');
insert into afiliados (cedula, nombre, correo, telefono, tipo) values ('7899169143', 'Marice Jorin', 'mjorinex@opensource.org', '6072740146', 'n');
insert into afiliados (cedula, nombre, correo, telefono, tipo) values ('4167916398', 'Stacie Bradder', 'sbradderey@sohu.com', '4857350041', 'o');
insert into afiliados (cedula, nombre, correo, telefono, tipo) values ('4640615795', 'Gilbertine Dawidman', 'gdawidmanez@about.com', '4395138675', 'o');
insert into afiliados (cedula, nombre, correo, telefono, tipo) values ('4760613897', 'Ag Yeskin', 'ayeskinf0@friendfeed.com', '2640993801', 'n');
insert into afiliados (cedula, nombre, correo, telefono, tipo) values ('8639373442', 'Addie Cerie', 'acerief1@dagondesign.com', '9968036137', 'o');
insert into afiliados (cedula, nombre, correo, telefono, tipo) values ('7099062050', 'Arvin Curro', 'acurrof2@ifeng.com', '9878986853', 'o');
insert into afiliados (cedula, nombre, correo, telefono, tipo) values ('6820794207', 'Sosanna Eidelman', 'seidelmanf3@google.it', '1375709879', 'n');
insert into afiliados (cedula, nombre, correo, telefono, tipo) values ('3190934630', 'Rodolfo Hoxey', 'rhoxeyf4@europa.eu', '8708105359', 'p');
insert into afiliados (cedula, nombre, correo, telefono, tipo) values ('3611850403', 'Neddie Brenard', 'nbrenardf5@myspace.com', '7630687915', 'p');
insert into afiliados (cedula, nombre, correo, telefono, tipo) values ('3740756365', 'Rubi Lawland', 'rlawlandf6@techcrunch.com', '3007330130', 'n');
insert into afiliados (cedula, nombre, correo, telefono, tipo) values ('1737505045', 'Gerrilee Awcock', 'gawcockf7@ycombinator.com', '3720060748', 'n');
insert into afiliados (cedula, nombre, correo, telefono, tipo) values ('0682986917', 'Natalie Hurnell', 'nhurnellf8@princeton.edu', '2891121538', 'p');
insert into afiliados (cedula, nombre, correo, telefono, tipo) values ('5811397313', 'Margarita Cowton', 'mcowtonf9@prnewswire.com', '0258389001', 'n');
insert into afiliados (cedula, nombre, correo, telefono, tipo) values ('2405310686', 'Evonne Heavyside', 'eheavysidefa@cnet.com', '4324224331', 'p');
insert into afiliados (cedula, nombre, correo, telefono, tipo) values ('7779790940', 'Archie Willishire', 'awillishirefb@exblog.jp', '4348337136', 'n');
insert into afiliados (cedula, nombre, correo, telefono, tipo) values ('4847691636', 'Nelia Jakoubec', 'njakoubecfc@slideshare.net', '1393564186', 'p');
insert into afiliados (cedula, nombre, correo, telefono, tipo) values ('9731716998', 'Ernestine Gibbon', 'egibbonfd@hc360.com', '1362863882', 'n');
insert into afiliados (cedula, nombre, correo, telefono, tipo) values ('7478576834', 'Bonny Fox', 'bfoxfe@cbc.ca', '6340706185', 'n');
insert into afiliados (cedula, nombre, correo, telefono, tipo) values ('9328705495', 'Geordie Knappitt', 'gknappittff@meetup.com', '9209739981', 'p');
insert into afiliados (cedula, nombre, correo, telefono, tipo) values ('0043204554', 'Shalna Sisse', 'ssissefg@ca.gov', '2685340637', 'n');
insert into afiliados (cedula, nombre, correo, telefono, tipo) values ('3524658962', 'Kippy Rablan', 'krablanfh@toplist.cz', '4476738516', 'p');
insert into afiliados (cedula, nombre, correo, telefono, tipo) values ('8027726727', 'Astrix Leyrroyd', 'aleyrroydfi@cam.ac.uk', '2169203060', 'o');
insert into afiliados (cedula, nombre, correo, telefono, tipo) values ('5378601940', 'Egon Garnam', 'egarnamfj@cafepress.com', '7927201557', 'p');
insert into afiliados (cedula, nombre, correo, telefono, tipo) values ('3853105890', 'Hermina Richardot', 'hrichardotfk@salon.com', '4483939076', 'p');
insert into afiliados (cedula, nombre, correo, telefono, tipo) values ('5646173221', 'Vivian Olczyk', 'volczykfl@delicious.com', '9092263389', 'p');
insert into afiliados (cedula, nombre, correo, telefono, tipo) values ('4517658406', 'Lani Pascho', 'lpaschofm@lulu.com', '2549345193', 'p');
insert into afiliados (cedula, nombre, correo, telefono, tipo) values ('3883764272', 'Stacee Solomonides', 'ssolomonidesfn@senate.gov', '5631010089', 'p');
insert into afiliados (cedula, nombre, correo, telefono, tipo) values ('6951584443', 'Bertine Barrass', 'bbarrassfo@apache.org', '4224234602', 'o');
insert into afiliados (cedula, nombre, correo, telefono, tipo) values ('0651135737', 'Barnabe Baison', 'bbaisonfp@google.fr', '3523885736', 'p');
insert into afiliados (cedula, nombre, correo, telefono, tipo) values ('8184920245', 'Osbourne Witherington', 'owitherin@network.com', '3268310443', 'p');
insert into afiliados (cedula, nombre, correo, telefono, tipo) values ('5827849286', 'Tawnya Riping', 'tripingfr@oaic.gov.au', '3973608474', 'o');
insert into afiliados (cedula, nombre, correo, telefono, tipo) values ('1609235118', 'John Leven', 'jlevenfs@oracle.com', '5048160010', 'p');
insert into afiliados (cedula, nombre, correo, telefono, tipo) values ('3596971381', 'Meg Choupin', 'mchoupinft@ed.gov', '1765903343', 'p');
insert into afiliados (cedula, nombre, correo, telefono, tipo) values ('8840039732', 'Maureen Bernholt', 'mbernholtfu@dailymotion.com', '6355527265', 'o');
insert into afiliados (cedula, nombre, correo, telefono, tipo) values ('6684859446', 'Lenard Youens', 'lyouensfv@google.ca', '2534931806', 'p');
insert into afiliados (cedula, nombre, correo, telefono, tipo) values ('3396597397', 'Lory Mullaly', 'lmullalyfw@google.es', '6445589618', 'o');
insert into afiliados (cedula, nombre, correo, telefono, tipo) values ('5122244731', 'Neda La Batie', 'nlafx@answers.com', '5065852588', 'p');
insert into afiliados (cedula, nombre, correo, telefono, tipo) values ('7394345025', 'Flinn Giscken', 'fgisckenfy@china.com.cn', '7692641870', 'p');
insert into afiliados (cedula, nombre, correo, telefono, tipo) values ('4248221756', 'Inna Walden', 'iwaldenfz@etsy.com', '0339704667', 'o');
insert into afiliados (cedula, nombre, correo, telefono, tipo) values ('9633507790', 'Mychal Surcombe', 'msurcombeg0@wsj.com', '4915981665', 'p');
insert into afiliados (cedula, nombre, correo, telefono, tipo) values ('1075077710', 'Barnett Grimwade', 'bgrimwadeg1@cbc.ca', '0049534912', 'p');
insert into afiliados (cedula, nombre, correo, telefono, tipo) values ('0526334452', 'Marketa Feander', 'mfeanderg2@yandex.ru', '2030990213', 'p');
insert into afiliados (cedula, nombre, correo, telefono, tipo) values ('0637097297', 'Krystyna Varne', 'kvarneg3@github.io', '6597765605', 'n');
insert into afiliados (cedula, nombre, correo, telefono, tipo) values ('2815237377', 'Chane Janas', 'cjanasg4@multiply.com', '8539074257', 'n');
insert into afiliados (cedula, nombre, correo, telefono, tipo) values ('4461722821', 'Robinet Neve', 'rneveg5@skype.com', '9667185508', 'n');
insert into afiliados (cedula, nombre, correo, telefono, tipo) values ('5226908067', 'Stearne Hambidge', 'shambidgeg6@ibm.com', '5117538633', 'o');
insert into afiliados (cedula, nombre, correo, telefono, tipo) values ('8012028468', 'Gunter Mogie', 'gmogieg7@phpbb.com', '2813528110', 'o');
insert into afiliados (cedula, nombre, correo, telefono, tipo) values ('4156478351', 'Chevalier Sent', 'csentg8@cbc.ca', '7892205470', 'p');
insert into afiliados (cedula, nombre, correo, telefono, tipo) values ('7317177334', 'Cammi Dwine', 'cdwineg9@state.tx.us', '4614686389', 'o');
insert into afiliados (cedula, nombre, correo, telefono, tipo) values ('5016725683', 'Torrie Lobbe', 'tlobbega@parallels.com', '5504710960', 'o');
insert into afiliados (cedula, nombre, correo, telefono, tipo) values ('3390000917', 'Laurianne Jerger', 'ljergergb@so-net.ne.jp', '0389256196', 'o');
insert into afiliados (cedula, nombre, correo, telefono, tipo) values ('8228715897', 'Scarlett Klass', 'sklassgc@patch.com', '8057458569', 'p');
insert into afiliados (cedula, nombre, correo, telefono, tipo) values ('2504643667', 'Claudette McIllroy', 'cmcillroygd@umich.edu', '9886970529', 'p');
insert into afiliados (cedula, nombre, correo, telefono, tipo) values ('4151608540', 'Georgianna McCarlie', 'gmccarliege@network.com', '3841095763', 'p');
insert into afiliados (cedula, nombre, correo, telefono, tipo) values ('8242637709', 'Elroy Bouzek', 'ebouzekgf@bigcartel.com', '3704069426', 'n');
insert into afiliados (cedula, nombre, correo, telefono, tipo) values ('8100964726', 'Ariel Boddymead', 'aboddymeadgg@fema.gov', '5820114876', 'n');
insert into afiliados (cedula, nombre, correo, telefono, tipo) values ('2106191723', 'Rosabella Nisen', 'rnisengh@sakura.ne.jp', '7793812824', 'o');
insert into afiliados (cedula, nombre, correo, telefono, tipo) values ('1635186870', 'Willamina Burkill', 'wburkillgi@addtoany.com', '0318933284', 'p');
insert into afiliados (cedula, nombre, correo, telefono, tipo) values ('7504073679', 'Joana Bennitt', 'jbennittgj@over-blog.com', '6825096435', 'n');
insert into afiliados (cedula, nombre, correo, telefono, tipo) values ('6288938351', 'Dorice Battersby', 'dbattersbygk@disqus.com', '8655276839', 'p');
insert into afiliados (cedula, nombre, correo, telefono, tipo) values ('6028312231', 'Reginauld Bartolijn', 'rbartolijngl@ox.ac.uk', '5387525178', 'o');
insert into afiliados (cedula, nombre, correo, telefono, tipo) values ('1897260598', 'Beth Mattosoff', 'bmattosoffgm@skype.com', '2775969410', 'o');
insert into afiliados (cedula, nombre, correo, telefono, tipo) values ('7328114533', 'Marja Filyushkin', 'mfilyushkingn@netlog.com', '2139775406', 'p');
insert into afiliados (cedula, nombre, correo, telefono, tipo) values ('4014399389', 'Salvidor MacKibbon', 'smackibbongo@seattletimes.com', '6497638458', 'n');
insert into afiliados (cedula, nombre, correo, telefono, tipo) values ('7610987956', 'Hort Dryburgh', 'hdryburghgp@wordpress.org', '4782723903', 'o');
insert into afiliados (cedula, nombre, correo, telefono, tipo) values ('9885193553', 'Kristen Jurick', 'kjurickgq@xinhuanet.com', '2712372794', 'n');
insert into afiliados (cedula, nombre, correo, telefono, tipo) values ('8391773736', 'Lelah Pordall', 'lpordallgr@earthlink.net', '1943875103', 'n');
insert into afiliados (cedula, nombre, correo, telefono, tipo) values ('7726189258', 'Eal Lillie', 'elilliegs@earthlink.net', '4092226586', 'o');
insert into afiliados (cedula, nombre, correo, telefono, tipo) values ('4771635412', 'Alexis Coling', 'acolinggt@fda.gov', '5397847275', 'o');
insert into afiliados (cedula, nombre, correo, telefono, tipo) values ('2231491249', 'Edsel Earie', 'eeariegu@yandex.ru', '6515967675', 'p');
insert into afiliados (cedula, nombre, correo, telefono, tipo) values ('3110583127', 'Josey Kopec', 'jkopecgv@live.com', '6759087348', 'n');
insert into afiliados (cedula, nombre, correo, telefono, tipo) values ('9907369500', 'Toby Yackiminie', 'tyackiminiegw@tripod.com', '4856875086', 'o');
insert into afiliados (cedula, nombre, correo, telefono, tipo) values ('7562128006', 'Wilden Eyre', 'weyregx@stanford.edu', '1542117305', 'p');
insert into afiliados (cedula, nombre, correo, telefono, tipo) values ('4024963716', 'Chrysa Mickleborough', 'cmickleboroughgy@gravatar.com', '9899287989', 'p');
insert into afiliados (cedula, nombre, correo, telefono, tipo) values ('6794553430', 'Huntlee Gipson', 'hgipsongz@bing.com', '3972898134', 'o');
insert into afiliados (cedula, nombre, correo, telefono, tipo) values ('6235233086', 'Elroy Screaton', 'escreatonh0@gov.uk', '9168690940', 'o');
insert into afiliados (cedula, nombre, correo, telefono, tipo) values ('2696064334', 'Carson Steddall', 'csteddallh1@lulu.com', '4026525481', 'o');
insert into afiliados (cedula, nombre, correo, telefono, tipo) values ('5262230997', 'Corilla Markie', 'cmarkieh2@meetup.com', '4633981994', 'p');
insert into afiliados (cedula, nombre, correo, telefono, tipo) values ('3918904865', 'Maribel Spatoni', 'mspatonih3@mapquest.com', '8846474198', 'n');
insert into afiliados (cedula, nombre, correo, telefono, tipo) values ('1251244041', 'Brandie Furmage', 'bfurmageh4@state.tx.us', '5641527556', 'o');
insert into afiliados (cedula, nombre, correo, telefono, tipo) values ('0451267427', 'Cherri Crosoer', 'ccrosoerh5@biglobe.ne.jp', '9170597375', 'n');
insert into afiliados (cedula, nombre, correo, telefono, tipo) values ('9935310604', 'Rosalynd Bisco', 'rbiscoh6@cbslocal.com', '2464731846', 'p');
insert into afiliados (cedula, nombre, correo, telefono, tipo) values ('2127675908', 'Elke Emtage', 'eemtageh7@google.com.au', '1827547189', 'p');
insert into afiliados (cedula, nombre, correo, telefono, tipo) values ('1036985407', 'Barbara Elderidge', 'belderidgeh8@icio.us', '6199431596', 'n');
insert into afiliados (cedula, nombre, correo, telefono, tipo) values ('0910036764', 'Katherine Trevear', 'ktrevearh9@behance.net', '2571127314', 'n');
insert into afiliados (cedula, nombre, correo, telefono, tipo) values ('3633862013', 'Corrianne Fyndon', 'cfyndonha@last.fm', '8168257162', 'o');
insert into afiliados (cedula, nombre, correo, telefono, tipo) values ('7031726212', 'Obediah Hebblethwaite', 'ohebbleth@studiopress.com', '6159769030', 'p');
insert into afiliados (cedula, nombre, correo, telefono, tipo) values ('7203228282', 'Kelcey Pardi', 'kpardihc@blinklist.com', '2591356971', 'p');
insert into afiliados (cedula, nombre, correo, telefono, tipo) values ('6785166160', 'Ray Corryer', 'rcorryerhd@trellian.com', '8924827383', 'n');
insert into afiliados (cedula, nombre, correo, telefono, tipo) values ('0743173805', 'Meredith Rainbow', 'mrainbowhe@friendfeed.com', '3110337649', 'n');
insert into afiliados (cedula, nombre, correo, telefono, tipo) values ('4511650381', 'Ursulina Coppard', 'ucoppardhf@cyberchimps.com', '7949202696', 'o');
insert into afiliados (cedula, nombre, correo, telefono, tipo) values ('4326792744', 'Allison Blackboro', 'ablackborohg@behance.net', '0891558217', 'o');
insert into afiliados (cedula, nombre, correo, telefono, tipo) values ('8971269812', 'Waylen Caldero', 'wcalderohh@ted.com', '5858935451', 'o');
insert into afiliados (cedula, nombre, correo, telefono, tipo) values ('0725538554', 'Hiram Closs', 'hclosshi@jugem.jp', '4642118012', 'o');
insert into afiliados (cedula, nombre, correo, telefono, tipo) values ('4722754586', 'Janie O Day', 'jodayhj@mozilla.org', '5878442337', 'o');
insert into afiliados (cedula, nombre, correo, telefono, tipo) values ('8077275354', 'Anya Danzey', 'adanzeyhk@cafepress.com', '6784277104', 'o');
insert into afiliados (cedula, nombre, correo, telefono, tipo) values ('5052003560', 'Cathie Wixon', 'cwixonhl@shop-pro.jp', '2907388630', 'p');
insert into afiliados (cedula, nombre, correo, telefono, tipo) values ('9938240852', 'Livvie Organ', 'lorganhm@cnet.com', '9907971197', 'p');
insert into afiliados (cedula, nombre, correo, telefono, tipo) values ('3128229171', 'Daffi Simner', 'dsimnerhn@loc.gov', '6705386797', 'n');
insert into afiliados (cedula, nombre, correo, telefono, tipo) values ('4510182376', 'Ethelbert Zanassi', 'ezanassiho@dailymotion.com', '3305337745', 'p');
insert into afiliados (cedula, nombre, correo, telefono, tipo) values ('9974679583', 'Adara Domaschke', 'adomaschkehp@bigcartel.com', '2664106074', 'o');
insert into afiliados (cedula, nombre, correo, telefono, tipo) values ('4649149843', 'Sibeal Shuxsmith', 'sshuxsmithhq@sina.com.cn', '8053591884', 'p');
insert into afiliados (cedula, nombre, correo, telefono, tipo) values ('9597644371', 'Benedikta Waison', 'bwaisonhr@vinaora.com', '6304385498', 'p');
insert into afiliados (cedula, nombre, correo, telefono, tipo) values ('0358037336', 'Ernst Danielkiewicz', 'edanielkiewicz@delicious.com', '5699856277', 'p');
insert into afiliados (cedula, nombre, correo, telefono, tipo) values ('6040968575', 'Joachim Weatherley', 'jweatherleyht@last.fm', '2485248494', 'p');
insert into afiliados (cedula, nombre, correo, telefono, tipo) values ('3987519622', 'Frasier Treker', 'ftrekerhu@oaic.gov.au', '2966395265', 'p');
insert into afiliados (cedula, nombre, correo, telefono, tipo) values ('6941788631', 'Cammy Dayborne', 'cdaybornehv@cdbaby.com', '5148260688', 'o');
insert into afiliados (cedula, nombre, correo, telefono, tipo) values ('0385385889', 'Alyce Posse', 'apossehw@sciencedirect.com', '1943219435', 'p');
insert into afiliados (cedula, nombre, correo, telefono, tipo) values ('1313141747', 'Tommy Grisedale', 'tgrisedalehx@answers.com', '5296402073', 'n');
insert into afiliados (cedula, nombre, correo, telefono, tipo) values ('2324540401', 'Ole Cheel', 'ocheelhy@google.com', '4172335926', 'p');
insert into afiliados (cedula, nombre, correo, telefono, tipo) values ('7784960239', 'Monte Berns', 'mbernshz@shutterfly.com', '2994556391', 'n');
insert into afiliados (cedula, nombre, correo, telefono, tipo) values ('1609582829', 'Wallace Terbruggen', 'wterbruggeni0@exblog.jp', '3821144416', 'p');
insert into afiliados (cedula, nombre, correo, telefono, tipo) values ('9583422010', 'Marwin Dehm', 'mdehmi1@godaddy.com', '1054923558', 'n');
insert into afiliados (cedula, nombre, correo, telefono, tipo) values ('1850963029', 'Marjie Messer', 'mmesseri2@marketwatch.com', '1009797204', 'n');
insert into afiliados (cedula, nombre, correo, telefono, tipo) values ('3137647002', 'Eryn Walch', 'ewalchi3@reference.com', '5968308613', 'p');
insert into afiliados (cedula, nombre, correo, telefono, tipo) values ('7022390436', 'Cedric McCaughran', 'cmccaughrani4@sohu.com', '7408951938', 'o');
insert into afiliados (cedula, nombre, correo, telefono, tipo) values ('3316835865', 'Celka Irlam', 'cirlami5@bravesites.com', '4241179355', 'n');
insert into afiliados (cedula, nombre, correo, telefono, tipo) values ('7056841325', 'Irving Crimes', 'icrimesi6@usatoday.com', '5038979084', 'p');
insert into afiliados (cedula, nombre, correo, telefono, tipo) values ('5554553478', 'Fiorenze Tathacott', 'ftathacotti7@mit.edu', '0873864964', 'o');
insert into afiliados (cedula, nombre, correo, telefono, tipo) values ('7488214323', 'Chicky Schellig', 'cschelligi8@netvibes.com', '1806837145', 'o');
insert into afiliados (cedula, nombre, correo, telefono, tipo) values ('0085343501', 'Aristotle Blandamore', 'ablandamorei9@gravatar.com', '1648528325', 'p');
insert into afiliados (cedula, nombre, correo, telefono, tipo) values ('2157998586', 'Land Preshous', 'lpreshousia@msn.com', '5509248084', 'p');
insert into afiliados (cedula, nombre, correo, telefono, tipo) values ('2953251898', 'Joni Smurfit', 'jsmurfitib@artisteer.com', '1872388086', 'o');
insert into afiliados (cedula, nombre, correo, telefono, tipo) values ('5093139203', 'Elsworth Langer', 'elangeric@vkontakte.ru', '0000238031', 'n');
insert into afiliados (cedula, nombre, correo, telefono, tipo) values ('5336582697', 'Ernesta Kusick', 'ekusickid@deliciousdays.com', '7290668723', 'p');
insert into afiliados (cedula, nombre, correo, telefono, tipo) values ('5087508723', 'Queenie Clemonts', 'qclemontsie@sun.com', '4018253834', 'n');
insert into afiliados (cedula, nombre, correo, telefono, tipo) values ('9497195818', 'Flemming Burwell', 'fburwellif@wikia.com', '1127234196', 'n');
insert into afiliados (cedula, nombre, correo, telefono, tipo) values ('3540054626', 'Marven Marages', 'mmaragesig@symantec.com', '3316433759', 'o');
insert into afiliados (cedula, nombre, correo, telefono, tipo) values ('5218945056', 'Vinny Boodle', 'vboodleih@washingtonpost.com', '1396733973', 'n');
insert into afiliados (cedula, nombre, correo, telefono, tipo) values ('9215789375', 'Mabel Kelle', 'mkelleii@telegraph.co.uk', '8920969299', 'o');
insert into afiliados (cedula, nombre, correo, telefono, tipo) values ('5690149861', 'Gertie Chesnut', 'gchesnutij@skype.com', '8009859044', 'p');
insert into afiliados (cedula, nombre, correo, telefono, tipo) values ('1354520394', 'Joell Muldownie', 'jmuldownie@pagesperso.fr', '7435593524', 'n');
insert into afiliados (cedula, nombre, correo, telefono, tipo) values ('2690029316', 'Olivero Levay', 'olevayil@soundcloud.com', '2994533383', 'n');
insert into afiliados (cedula, nombre, correo, telefono, tipo) values ('4356975626', 'Ollie Perryn', 'operrynim@un.org', '1497818893', 'p');
insert into afiliados (cedula, nombre, correo, telefono, tipo) values ('7195096149', 'Durand Aloigi', 'daloigiin@cbslocal.com', '9598561062', 'o');
insert into afiliados (cedula, nombre, correo, telefono, tipo) values ('2017665576', 'Juan Barents', 'jbarentsio@dropbox.com', '6909226585', 'n');
insert into afiliados (cedula, nombre, correo, telefono, tipo) values ('7208728100', 'Darla Konert', 'dkonertip@alexa.com', '1915398177', 'p');
insert into afiliados (cedula, nombre, correo, telefono, tipo) values ('4666288554', 'Vivianna Garretts', 'vgarrettsiq@cocolog-nifty.com', '1496589092', 'o');
insert into afiliados (cedula, nombre, correo, telefono, tipo) values ('6183135607', 'Waylen Comber', 'wcomberir@jalbum.net', '8131671879', 'p');
insert into afiliados (cedula, nombre, correo, telefono, tipo) values ('8637000096', 'Mandie Ive', 'miveis@sogou.com', '0079933890', 'o');
insert into afiliados (cedula, nombre, correo, telefono, tipo) values ('2902735987', 'Price Osment', 'posmentit@elpais.com', '2281274012', 'o');
insert into afiliados (cedula, nombre, correo, telefono, tipo) values ('6054475320', 'Claudie O Markey', 'coiu@cpanel.net', '6993884011', 'n');
insert into afiliados (cedula, nombre, correo, telefono, tipo) values ('4840491135', 'Alina Sutcliffe', 'asutcliffeiv@pen.io', '6345702196', 'o');
insert into afiliados (cedula, nombre, correo, telefono, tipo) values ('8776677397', 'Natala Almey', 'nalmeyiw@surveymonkey.com', '8703986160', 'o');
insert into afiliados (cedula, nombre, correo, telefono, tipo) values ('0491242611', 'Timi Mewes', 'tmewesix@theatlantic.com', '5113671894', 'n');
insert into afiliados (cedula, nombre, correo, telefono, tipo) values ('8466380884', 'Freida Dugget', 'fduggetiy@sina.com.cn', '9747215543', 'n');
insert into afiliados (cedula, nombre, correo, telefono, tipo) values ('5976600794', 'Lewes Bertholin', 'lbertholiniz@guardian.co.uk', '4583972741', 'p');
insert into afiliados (cedula, nombre, correo, telefono, tipo) values ('9018476676', 'Goran Chritchley', 'gchritchleyj0@columbia.edu', '0225454777', 'o');
insert into afiliados (cedula, nombre, correo, telefono, tipo) values ('7463706273', 'Gilbertina Ozintsev', 'gozintsevj1@msn.com', '6572490483', 'n');
insert into afiliados (cedula, nombre, correo, telefono, tipo) values ('1011101912', 'Moishe Spinello', 'mspinelloj2@ucsd.edu', '4858495620', 'n');
insert into afiliados (cedula, nombre, correo, telefono, tipo) values ('4629753397', 'Farrah Bloomfield', 'fbloomfieldj3@shutterfly.com', '7213036947', 'p');
insert into afiliados (cedula, nombre, correo, telefono, tipo) values ('9776400817', 'Bryce Clawsley', 'bclawsleyj4@state.tx.us', '4104590401', 'o');
insert into afiliados (cedula, nombre, correo, telefono, tipo) values ('0806738839', 'Robbin Pinchen', 'rpinchenj5@acquirethisname.com', '3725388172', 'n');
insert into afiliados (cedula, nombre, correo, telefono, tipo) values ('4031025750', 'Davidson Threadgill', 'dthreadgillj6@comcast.net', '5073651146', 'n');
insert into afiliados (cedula, nombre, correo, telefono, tipo) values ('2626679542', 'Arthur Whyffen', 'awhyffenj7@archive.org', '9538127218', 'o');
insert into afiliados (cedula, nombre, correo, telefono, tipo) values ('2824653086', 'Mozes Kellart', 'mkellartj8@digg.com', '9628754432', 'p');
insert into afiliados (cedula, nombre, correo, telefono, tipo) values ('6679568331', 'Willetta Troke', 'wtrokej9@acquirethisname.com', '9425688567', 'n');
insert into afiliados (cedula, nombre, correo, telefono, tipo) values ('5728304133', 'Sallie Billion', 'sbillionja@ask.com', '5231804223', 'o');
insert into afiliados (cedula, nombre, correo, telefono, tipo) values ('2391802757', 'Guenna Bowe', 'gbowejb@example.com', '3933150086', 'p');
insert into afiliados (cedula, nombre, correo, telefono, tipo) values ('6520570168', 'Quinn Scedall', 'qscedalljc@msn.com', '7498284774', 'o');
insert into afiliados (cedula, nombre, correo, telefono, tipo) values ('6687193422', 'Jim Bridgement', 'jbridgementjd@clickbank.net', '4331187411', 'p');
insert into afiliados (cedula, nombre, correo, telefono, tipo) values ('0552623687', 'Lilia Camock', 'lcamockje@com.com', '8002729501', 'n');
insert into afiliados (cedula, nombre, correo, telefono, tipo) values ('7804784295', 'Kessiah Yeudall', 'kyeudalljf@sitemeter.com', '5478527378', 'p');
insert into afiliados (cedula, nombre, correo, telefono, tipo) values ('4266169884', 'Lanette Lorrimer', 'llorrimerjg@homestead.com', '6440147404', 'o');
insert into afiliados (cedula, nombre, correo, telefono, tipo) values ('4686811953', 'Guthrie Oselton', 'goseltonjh@chron.com', '1353058255', 'p');
insert into afiliados (cedula, nombre, correo, telefono, tipo) values ('8058821489', 'Rickie Larraway', 'rlarrawayji@symantec.com', '5974122917', 'p');
insert into afiliados (cedula, nombre, correo, telefono, tipo) values ('9519249621', 'Wandie Kermannes', 'wkermannesjj@alexa.com', '7348724981', 'p');
insert into afiliados (cedula, nombre, correo, telefono, tipo) values ('7140796505', 'Birch Bussel', 'bbusseljk@springer.com', '5912164152', 'o');
insert into afiliados (cedula, nombre, correo, telefono, tipo) values ('8498067715', 'Gun Denidge', 'gdenidgejl@usda.gov', '0517448521', 'o');
insert into afiliados (cedula, nombre, correo, telefono, tipo) values ('1444782665', 'Kass Dadson', 'kdadsonjm@pen.io', '1425976638', 'o');
insert into afiliados (cedula, nombre, correo, telefono, tipo) values ('0377513903', 'Jessa Grouse', 'jgrousejn@acquirethisname.com', '8748490350', 'n');
insert into afiliados (cedula, nombre, correo, telefono, tipo) values ('0719235847', 'Trescha Abbett', 'tabbettjo@blogtalkradio.com', '2960915399', 'p');
insert into afiliados (cedula, nombre, correo, telefono, tipo) values ('3134413140', 'Rickey Havock', 'rhavockjp@arizona.edu', '1151901180', 'n');
insert into afiliados (cedula, nombre, correo, telefono, tipo) values ('8148071616', 'Adams Burdikin', 'aburdikinjq@si.edu', '2450579273', 'p');
insert into afiliados (cedula, nombre, correo, telefono, tipo) values ('7001624586', 'Ernie McWhirter', 'emcwhi@cargocollective.com', '4482928879', 'p');
insert into afiliados (cedula, nombre, correo, telefono, tipo) values ('1144792444', 'Sibella Cane', 'scanejs@hc360.com', '4038504298', 'n');
insert into afiliados (cedula, nombre, correo, telefono, tipo) values ('7152097615', 'Max Leivesley', 'mleivesleyjt@slideshare.net', '6615020718', 'p');
insert into afiliados (cedula, nombre, correo, telefono, tipo) values ('7801037367', 'Carlo McFarland', 'cmcfarlandju@merriam.com', '1680231103', 'o');
insert into afiliados (cedula, nombre, correo, telefono, tipo) values ('0582710219', 'Robbert Roggieri', 'rroggierijv@tinyurl.com', '2708402757', 'p');
insert into afiliados (cedula, nombre, correo, telefono, tipo) values ('5224484227', 'Jemmie Clutterbuck', 'jclutterbuckjw@jigsy.com', '0849010411', 'o');
insert into afiliados (cedula, nombre, correo, telefono, tipo) values ('5548086081', 'Suzie Cars', 'scarsjx@a8.net', '8697559960', 'n');
insert into afiliados (cedula, nombre, correo, telefono, tipo) values ('2343521239', 'Rene Liversley', 'rliversleyjy@tinypic.com', '0566580314', 'p');
insert into afiliados (cedula, nombre, correo, telefono, tipo) values ('0777458330', 'Leupold Dunbavin', 'ldunbavinjz@bravesites.com', '5255701505', 'o');
insert into afiliados (cedula, nombre, correo, telefono, tipo) values ('0175230145', 'Cheri Exter', 'cexterk0@storify.com', '7401489554', 'p');
insert into afiliados (cedula, nombre, correo, telefono, tipo) values ('5945258067', 'Grata Joslyn', 'gjoslynk1@altervista.org', '0775715786', 'p');
insert into afiliados (cedula, nombre, correo, telefono, tipo) values ('0562586970', 'Peyton Reily', 'preilyk2@amazon.de', '1465285768', 'n');
insert into afiliados (cedula, nombre, correo, telefono, tipo) values ('3658501243', 'Clara Tisun', 'ctisunk3@java.com', '6524350898', 'p');
insert into afiliados (cedula, nombre, correo, telefono, tipo) values ('1077200455', 'Alie Trousdale', 'atrousdalek4@sfgate.com', '2017243744', 'o');
insert into afiliados (cedula, nombre, correo, telefono, tipo) values ('7048330937', 'Erin Thorneywork', 'ethorneyworkk5@nba.com', '3451422387', 'n');
insert into afiliados (cedula, nombre, correo, telefono, tipo) values ('4239782368', 'Jeffy Drezzer', 'jdrezzerk6@yale.edu', '5615915382', 'p');
insert into afiliados (cedula, nombre, correo, telefono, tipo) values ('8079053588', 'Way Askin', 'waskink7@mit.edu', '9681065921', 'p');
insert into afiliados (cedula, nombre, correo, telefono, tipo) values ('5989533039', 'Bentlee Inge', 'bingek8@wikimedia.org', '4423533111', 'o');
insert into afiliados (cedula, nombre, correo, telefono, tipo) values ('1966962274', 'Anna Reneke', 'arenekek9@mozilla.com', '3985601836', 'o');
insert into afiliados (cedula, nombre, correo, telefono, tipo) values ('5500123475', 'Gus Grunnell', 'ggrunnellka@elegantthemes.com', '2526317657', 'p');
insert into afiliados (cedula, nombre, correo, telefono, tipo) values ('6174617319', 'Katti Lissandrini', 'klissandrinikb@tinyurl.com', '0575230932', 'o');
insert into afiliados (cedula, nombre, correo, telefono, tipo) values ('5786371964', 'Gerome Lagneaux', 'glagneauxkc@a8.net', '2071778391', 'p');
insert into afiliados (cedula, nombre, correo, telefono, tipo) values ('3298506915', 'Flin Witsey', 'fwitseykd@virginia.edu', '8949994291', 'n');
insert into afiliados (cedula, nombre, correo, telefono, tipo) values ('9311159794', 'Rici Dunbleton', 'rdunbletonke@xinhuanet.com', '1924768364', 'p');
insert into afiliados (cedula, nombre, correo, telefono, tipo) values ('4205391617', 'Eleen Kaliszewski', 'ekaliszewskikf@telegraph.co.uk', '8298313429', 'n');
insert into afiliados (cedula, nombre, correo, telefono, tipo) values ('9740148328', 'Odie Ghidoni', 'oghidonikg@rediff.com', '5982196436', 'n');
insert into afiliados (cedula, nombre, correo, telefono, tipo) values ('2183662166', 'Renado Tyer', 'rtyerkh@go.com', '0581630297', 'p');
insert into afiliados (cedula, nombre, correo, telefono, tipo) values ('1941263399', 'Orlan De la Feld', 'odeki@dot.gov', '2529587159', 'n');
insert into afiliados (cedula, nombre, correo, telefono, tipo) values ('7613101320', 'Elnar Van der Kruys', 'evankj@jigsy.com', '1743263988', 'n');
insert into afiliados (cedula, nombre, correo, telefono, tipo) values ('0312152779', 'Lora Upwood', 'lupwoodkk@acquirethisname.com', '8905863043', 'n');
insert into afiliados (cedula, nombre, correo, telefono, tipo) values ('7411455059', 'Stearn Everal', 'severalkl@cbc.ca', '6070705726', 'o');
insert into afiliados (cedula, nombre, correo, telefono, tipo) values ('2191281397', 'Johannes Ritmeier', 'jritmeierkm@nature.com', '6604723992', 'n');
insert into afiliados (cedula, nombre, correo, telefono, tipo) values ('8327861697', 'Silvan Redd', 'sreddkn@lycos.com', '8193453549', 'o');
insert into afiliados (cedula, nombre, correo, telefono, tipo) values ('1192655540', 'Violet Ormonde', 'vormondeko@ocn.ne.jp', '5298195245', 'p');
insert into afiliados (cedula, nombre, correo, telefono, tipo) values ('4767686830', 'Thaxter Rapin', 'trapinkp@narod.ru', '4682222392', 'p');
insert into afiliados (cedula, nombre, correo, telefono, tipo) values ('9392052081', 'Lindsay Peaseman', 'lpeasemankq@tmall.com', '3207019870', 'o');
insert into afiliados (cedula, nombre, correo, telefono, tipo) values ('2556188383', 'Ekaterina Fontaine', 'efontainekr@howstuffworks.com', '4198311072', 'p');
insert into afiliados (cedula, nombre, correo, telefono, tipo) values ('0940778939', 'Shem Radnage', 'sradnageks@artisteer.com', '8406681896', 'n');
insert into afiliados (cedula, nombre, correo, telefono, tipo) values ('8187008024', 'Theo Mournian', 'tmourniankt@bravesites.com', '7853485212', 'o');
insert into afiliados (cedula, nombre, correo, telefono, tipo) values ('0962661724', 'Zorana Tolumello', 'ztolumelloku@alexa.com', '1365883914', 'n');
insert into afiliados (cedula, nombre, correo, telefono, tipo) values ('2344392858', 'Orv Comber', 'ocomberkv@spiegel.de', '1059280868', 'p');
insert into afiliados (cedula, nombre, correo, telefono, tipo) values ('5648871651', 'Nerte Heustice', 'nheusticekw@netlog.com', '3001980532', 'p');
insert into afiliados (cedula, nombre, correo, telefono, tipo) values ('2183013729', 'Millie Blatchford', 'mblatchfordkx@ovh.net', '7105606932', 'o');
insert into afiliados (cedula, nombre, correo, telefono, tipo) values ('2118015526', 'Milli Twoohy', 'mtwoohyky@netlog.com', '2714436927', 'p');
insert into afiliados (cedula, nombre, correo, telefono, tipo) values ('8510730164', 'Angelia Scud', 'ascudkz@gizmodo.com', '2060961173', 'n');
insert into afiliados (cedula, nombre, correo, telefono, tipo) values ('1613926561', 'Mathe Elphinston', 'melphinstonl0@jugem.jp', '1499693850', 'p');
insert into afiliados (cedula, nombre, correo, telefono, tipo) values ('5603547189', 'Emmerich Gruby', 'egrubyl1@cnbc.com', '9864838156', 'n');
insert into afiliados (cedula, nombre, correo, telefono, tipo) values ('1453144692', 'Winni McGall', 'wmcgalll2@opensource.org', '9858160755', 'o');
insert into afiliados (cedula, nombre, correo, telefono, tipo) values ('8819477998', 'Marietta Eddington', 'meddingtonl3@multiply.com', '5775914163', 'p');
insert into afiliados (cedula, nombre, correo, telefono, tipo) values ('0029864100', 'Anson Gaynes', 'agaynesl4@ca.gov', '8456545023', 'n');
insert into afiliados (cedula, nombre, correo, telefono, tipo) values ('5196648089', 'Kathie McKinnon', 'kmckinnonl5@prweb.com', '6595029332', 'p');
insert into afiliados (cedula, nombre, correo, telefono, tipo) values ('4494736988', 'Melba Moules', 'mmoulesl6@opensource.org', '7481721742', 'p');
insert into afiliados (cedula, nombre, correo, telefono, tipo) values ('1053986041', 'Rebecca Connors', 'rconnorsl7@yandex.ru', '3823251104', 'p');
insert into afiliados (cedula, nombre, correo, telefono, tipo) values ('3949356630', 'Krystle Softley', 'ksoftleyl8@usa.gov', '9892011139', 'n');
insert into afiliados (cedula, nombre, correo, telefono, tipo) values ('3171138441', 'Nydia Winn', 'nwinnl9@printfriendly.com', '8120461002', 'o');
insert into afiliados (cedula, nombre, correo, telefono, tipo) values ('7022034605', 'Magda Eltringham', 'meltringhamla@usnews.com', '9111935391', 'n');
insert into afiliados (cedula, nombre, correo, telefono, tipo) values ('7730755408', 'Iseabal Rochell', 'irochelllb@ifeng.com', '2748078209', 'p');
insert into afiliados (cedula, nombre, correo, telefono, tipo) values ('1699280770', 'Niall Lambotin', 'nlambotinlc@unesco.org', '1525452975', 'p');
insert into afiliados (cedula, nombre, correo, telefono, tipo) values ('7713503897', 'Pancho Tidball', 'ptidballld@network.org', '8364321110', 'p');
insert into afiliados (cedula, nombre, correo, telefono, tipo) values ('9631546128', 'Jeni Mandal', 'jmandalle@indiatimes.com', '1472460979', 'p');
insert into afiliados (cedula, nombre, correo, telefono, tipo) values ('7876432697', 'Charlie Blackburne', 'cblack@elegantthemes.com', '8499236960', 'o');
insert into afiliados (cedula, nombre, correo, telefono, tipo) values ('1815007672', 'Emeline De Malchar', 'edelg@webeden.co.uk', '3615994191', 'n');
insert into afiliados (cedula, nombre, correo, telefono, tipo) values ('4314027398', 'Gabbey MacGuffog', 'gmacguffoglh@cnbc.com', '3565566744', 'p');
insert into afiliados (cedula, nombre, correo, telefono, tipo) values ('8178422182', 'Harli McGillivrie', 'hmcgi@typepad.com', '4032160570', 'p');
insert into afiliados (cedula, nombre, correo, telefono, tipo) values ('8223914573', 'Eleonora Brownbill', 'ebrownbilllj@tinypic.com', '0696622858', 'o');
insert into afiliados (cedula, nombre, correo, telefono, tipo) values ('4090508908', 'Stefania Rumbelow', 'srumbelowlk@newsvine.com', '1648336817', 'o');
insert into afiliados (cedula, nombre, correo, telefono, tipo) values ('6080593769', 'Ernesta Anscott', 'eanscottll@fastcompany.com', '1368139841', 'o');
insert into afiliados (cedula, nombre, correo, telefono, tipo) values ('0669047899', 'Waylon Peidro', 'wpeidrolm@globo.com', '0754269000', 'n');
insert into afiliados (cedula, nombre, correo, telefono, tipo) values ('1196827222', 'Katinka Jerok', 'kjerokln@dropbox.com', '3600157590', 'o');
insert into afiliados (cedula, nombre, correo, telefono, tipo) values ('6557117343', 'Flor Spiteri', 'fspiterilo@fastcompany.com', '4817455381', 'p');
insert into afiliados (cedula, nombre, correo, telefono, tipo) values ('4120709167', 'Stanislas Covolini', 'scovolinilp@drupal.org', '7893575603', 'o');
insert into afiliados (cedula, nombre, correo, telefono, tipo) values ('8128010069', 'Susette Cockrem', 'scockremlq@phpbb.com', '1658143582', 'p');
insert into afiliados (cedula, nombre, correo, telefono, tipo) values ('6367901221', 'Waldon Sturgeon', 'wsturgeonlr@macromedia.com', '3327959234', 'n');
insert into afiliados (cedula, nombre, correo, telefono, tipo) values ('2407824407', 'Arnaldo Tallet', 'atalletls@network.org', '9538327969', 'p');
insert into afiliados (cedula, nombre, correo, telefono, tipo) values ('6354542147', 'Athena Liddy', 'aliddylt@weebly.com', '6203885762', 'n');
insert into afiliados (cedula, nombre, correo, telefono, tipo) values ('4526755729', 'Crysta Sketch', 'csketchlu@paypal.com', '9813861967', 'p');
insert into afiliados (cedula, nombre, correo, telefono, tipo) values ('7409262338', 'Breena Baguley', 'bbaguleylv@imgur.com', '0341675482', 'p');
insert into afiliados (cedula, nombre, correo, telefono, tipo) values ('6170187301', 'Fedora Beauvais', 'fbeauvaislw@yelp.com', '0464504805', 'p');
insert into afiliados (cedula, nombre, correo, telefono, tipo) values ('5011062023', 'Rianon Bangle', 'rbanglelx@hao123.com', '2349591190', 'n');
insert into afiliados (cedula, nombre, correo, telefono, tipo) values ('1585451401', 'Immanuel Ridgewell', 'iridgewellly@ucoz.ru', '4510896670', 'o');
insert into afiliados (cedula, nombre, correo, telefono, tipo) values ('4167183153', 'Ninnette Rentelll', 'nrentellllz@tinyurl.com', '6039418443', 'p');
insert into afiliados (cedula, nombre, correo, telefono, tipo) values ('7487582566', 'Sumner Miles', 'smilesm0@usda.gov', '0334955564', 'p');
insert into afiliados (cedula, nombre, correo, telefono, tipo) values ('1549044311', 'Sella Hicken', 'shickenm1@facebook.com', '6431485807', 'n');
insert into afiliados (cedula, nombre, correo, telefono, tipo) values ('4172687415', 'Hartley Sweetnam', 'hsweetnamm2@digg.com', '4228581897', 'n');
insert into afiliados (cedula, nombre, correo, telefono, tipo) values ('2905229012', 'Boycie Wieprecht', 'bwieprechtm3@ezinearticles.com', '9420379892', 'p');
insert into afiliados (cedula, nombre, correo, telefono, tipo) values ('5808242738', 'Clari Edgerly', 'cedgerlym4@live.com', '0764512994', 'p');
insert into afiliados (cedula, nombre, correo, telefono, tipo) values ('1450748368', 'Darrick Deering', 'ddeeringm5@prlog.org', '4879841811', 'p');
insert into afiliados (cedula, nombre, correo, telefono, tipo) values ('1469881020', 'Jackie Bonde', 'jbondem6@cam.ac.uk', '7068625185', 'n');
insert into afiliados (cedula, nombre, correo, telefono, tipo) values ('5963299047', 'Damian Luxen', 'dluxenm7@wiley.com', '9716834373', 'n');
insert into afiliados (cedula, nombre, correo, telefono, tipo) values ('3287575279', 'Sunny Summerfield', 'ssummerfieldm8@issuu.com', '1919556656', 'p');
insert into afiliados (cedula, nombre, correo, telefono, tipo) values ('3296975292', 'Thomas Tanguy', 'ttanguym9@uiuc.edu', '5808123879', 'n');
insert into afiliados (cedula, nombre, correo, telefono, tipo) values ('0895847558', 'Elora Plastow', 'eplastowma@furl.net', '7116873724', 'p');
insert into afiliados (cedula, nombre, correo, telefono, tipo) values ('3896101366', 'Bernhard Piche', 'bpichemb@spiegel.de', '1339351919', 'n');
insert into afiliados (cedula, nombre, correo, telefono, tipo) values ('3531637479', 'Ingaborg Pruckner', 'iprucknermc@yandex.ru', '3845909498', 'p');
insert into afiliados (cedula, nombre, correo, telefono, tipo) values ('8663793472', 'Eveline Lumsdall', 'elumsdallmd@spotify.com', '4448444813', 'o');
insert into afiliados (cedula, nombre, correo, telefono, tipo) values ('8178381427', 'Ulrich Libreros', 'ulibrerosme@lycos.com', '2860329420', 'o');
insert into afiliados (cedula, nombre, correo, telefono, tipo) values ('9404765481', 'Corabella Phaup', 'cphaupmf@csmonitor.com', '6263814705', 'n');
insert into afiliados (cedula, nombre, correo, telefono, tipo) values ('2570525383', 'Ruperto Etheredge', 'retheredgemg@github.io', '4399079932', 'o');
insert into afiliados (cedula, nombre, correo, telefono, tipo) values ('6542436820', 'Anthia Crickmoor', 'acrickmoormh@freewebs.com', '8521947011', 'p');
insert into afiliados (cedula, nombre, correo, telefono, tipo) values ('7978656519', 'Brianna Atwill', 'batwillmi@ustream.tv', '7984217254', 'n');
insert into afiliados (cedula, nombre, correo, telefono, tipo) values ('6166454988', 'Gav Zupone', 'gzuponemj@apple.com', '4563609730', 'o');
insert into afiliados (cedula, nombre, correo, telefono, tipo) values ('2541421346', 'Kaitlyn Gittose', 'kgittosemk@mayoclinic.com', '2260350348', 'o');
insert into afiliados (cedula, nombre, correo, telefono, tipo) values ('8446544741', 'Jacquenetta Skeates', 'jskeatesml@nyu.edu', '8978660126', 'o');
insert into afiliados (cedula, nombre, correo, telefono, tipo) values ('1450540600', 'Marchelle MacIan', 'mmacianmm@infoseek.co.jp', '2708268597', 'n');
insert into afiliados (cedula, nombre, correo, telefono, tipo) values ('5386951297', 'Cletus Llewellin', 'cllewellinmn@de.vu', '5223999193', 'p');
insert into afiliados (cedula, nombre, correo, telefono, tipo) values ('5259996933', 'Cornelius Covelle', 'ccovellemo@google.it', '3003162470', 'p');
insert into afiliados (cedula, nombre, correo, telefono, tipo) values ('4843658405', 'Willabella Pouck', 'wpouckmp@dailymail.co.uk', '3285478586', 'n');
insert into afiliados (cedula, nombre, correo, telefono, tipo) values ('6117792654', 'Way Willerson', 'wwillersonmq@yale.edu', '4641472122', 'o');
insert into afiliados (cedula, nombre, correo, telefono, tipo) values ('4961050768', 'Nancey Badsey', 'nbadseymr@feedburner.com', '3736673205', 'p');
insert into afiliados (cedula, nombre, correo, telefono, tipo) values ('9456055604', 'Gilberte Jovic', 'gjovicms@dailymail.co.uk', '5524082701', 'p');
insert into afiliados (cedula, nombre, correo, telefono, tipo) values ('6924606148', 'Dyna Erlam', 'derlammt@google.ru', '6395309390', 'o');
insert into afiliados (cedula, nombre, correo, telefono, tipo) values ('2802867385', 'Hansiain Inglish', 'hinglishmu@weather.com', '2689154072', 'p');
insert into afiliados (cedula, nombre, correo, telefono, tipo) values ('0023507403', 'Emelyne Wheelwright', 'ewheelwrightmv@lycos.com', '7410409304', 'p');
insert into afiliados (cedula, nombre, correo, telefono, tipo) values ('9173864552', 'Margaret Neath', 'mneathmw@xrea.com', '1524438162', 'o');
insert into afiliados (cedula, nombre, correo, telefono, tipo) values ('5071241048', 'Douglass Litster', 'dlitstermx@shinystat.com', '7641100279', 'o');
insert into afiliados (cedula, nombre, correo, telefono, tipo) values ('1531755577', 'Neron Brusin', 'nbrusinmy@bigcartel.com', '5069850547', 'p');
insert into afiliados (cedula, nombre, correo, telefono, tipo) values ('5091846166', 'Marybelle Dearan', 'mdearanmz@lycos.com', '6978837725', 'p');
insert into afiliados (cedula, nombre, correo, telefono, tipo) values ('1143170229', 'Drusilla Murrey', 'dmurreyn0@qq.com', '5386713779', 'o');
insert into afiliados (cedula, nombre, correo, telefono, tipo) values ('6456495555', 'Stanwood Lasty', 'slastyn1@sakura.ne.jp', '6203741841', 'p');
insert into afiliados (cedula, nombre, correo, telefono, tipo) values ('0451749545', 'Ignace Duncan', 'iduncann2@uol.com.br', '9527751152', 'p');
insert into afiliados (cedula, nombre, correo, telefono, tipo) values ('6168227660', 'Perice Chorlton', 'pchorltonn3@reference.com', '5097149734', 'o');
insert into afiliados (cedula, nombre, correo, telefono, tipo) values ('9917443185', 'Ruthanne Wing', 'rwingn4@jigsy.com', '3574778929', 'n');
insert into afiliados (cedula, nombre, correo, telefono, tipo) values ('7446200316', 'Brooks Mounfield', 'bmounfieldn5@time.com', '7310053591', 'o');
insert into afiliados (cedula, nombre, correo, telefono, tipo) values ('1610097866', 'Adrianna Forgie', 'aforgien6@merriam-webster.com', '5813441719', 'o');
insert into afiliados (cedula, nombre, correo, telefono, tipo) values ('1182319742', 'Donavon Coney', 'dconeyn7@omniture.com', '0166193615', 'n');
insert into afiliados (cedula, nombre, correo, telefono, tipo) values ('3686967219', 'Kermie Treamayne', 'ktreamaynen8@comsenz.com', '7115664951', 'n');
insert into afiliados (cedula, nombre, correo, telefono, tipo) values ('4115963794', 'Sara-ann Silley', 'ssilleyn9@smh.com.au', '4217185227', 'n');
insert into afiliados (cedula, nombre, correo, telefono, tipo) values ('4435087855', 'Elmer de Savery', 'edena@posterous.com', '0455684863', 'p');
insert into afiliados (cedula, nombre, correo, telefono, tipo) values ('8932766401', 'Maxy Reidshaw', 'mreidshawnb@edublogs.org', '0298863391', 'p');
insert into afiliados (cedula, nombre, correo, telefono, tipo) values ('7700810575', 'Vernor Picopp', 'vpicoppnc@symantec.com', '0572648146', 'p');
insert into afiliados (cedula, nombre, correo, telefono, tipo) values ('3694541489', 'Fancie Hurdle', 'fhurdlend@mozilla.com', '5212956420', 'o');
insert into afiliados (cedula, nombre, correo, telefono, tipo) values ('3939306193', 'Mahalia Boldra', 'mboldrane@qq.com', '1098205049', 'o');
insert into afiliados (cedula, nombre, correo, telefono, tipo) values ('3281452914', 'Garey Hartzogs', 'ghartzogsnf@webmd.com', '6071157080', 'n');
insert into afiliados (cedula, nombre, correo, telefono, tipo) values ('0618701818', 'Dru SwyerSexey', 'dswyersexeyng@qq.com', '7682788011', 'p');
insert into afiliados (cedula, nombre, correo, telefono, tipo) values ('8034227102', 'Sollie Vennart', 'svennartnh@jimdo.com', '3056788293', 'n');
insert into afiliados (cedula, nombre, correo, telefono, tipo) values ('6800725692', 'Christye Triner', 'ctrinerni@phpbb.com', '4969007446', 'n');
insert into afiliados (cedula, nombre, correo, telefono, tipo) values ('5272447328', 'Allistir Gilgryst', 'agilgrystnj@t-online.de', '4243170932', 'o');
insert into afiliados (cedula, nombre, correo, telefono, tipo) values ('9158995382', 'Sylvester Vinau', 'svinaunk@rakuten.co.jp', '6805972493', 'n');
insert into afiliados (cedula, nombre, correo, telefono, tipo) values ('5905190399', 'Nap Sowersby', 'nsowersbynl@cafepress.com', '0786931841', 'o');
insert into afiliados (cedula, nombre, correo, telefono, tipo) values ('6857548722', 'Danyette Woolford', 'dwoolfordnm@is.gd', '2701855918', 'n');
insert into afiliados (cedula, nombre, correo, telefono, tipo) values ('3629481272', 'Stella Vango', 'svangonn@alexa.com', '7176770697', 'n');
insert into afiliados (cedula, nombre, correo, telefono, tipo) values ('2435178360', 'Babara Brugh', 'bbrughno@google.co.uk', '2346091030', 'p');
insert into afiliados (cedula, nombre, correo, telefono, tipo) values ('3311565681', 'Selma Chivers', 'schiversnp@google.ca', '4748799854', 'n');
insert into afiliados (cedula, nombre, correo, telefono, tipo) values ('0728800586', 'Iago Blowfelde', 'iblowfeldenq@desdev.cn', '1447518462', 'p');
insert into afiliados (cedula, nombre, correo, telefono, tipo) values ('6922702344', 'Adore Jellyman', 'ajellymannr@ucla.edu', '4253862349', 'p');
insert into afiliados (cedula, nombre, correo, telefono, tipo) values ('9116814932', 'Forest Sheaf', 'fsheafns@china.com.cn', '4675756883', 'p');
insert into afiliados (cedula, nombre, correo, telefono, tipo) values ('9681531531', 'Stanislaus Randals', 'srandalsnt@deviantart.com', '2729684379', 'n');
insert into afiliados (cedula, nombre, correo, telefono, tipo) values ('2347466143', 'Robinetta Towner', 'rtownernu@ycombinator.com', '8929886442', 'n');
insert into afiliados (cedula, nombre, correo, telefono, tipo) values ('3538307083', 'Brenden Janecek', 'bjaneceknv@mozilla.org', '3481058799', 'n');
insert into afiliados (cedula, nombre, correo, telefono, tipo) values ('8331262476', 'Brier Tilsley', 'btilsleynw@privacy.gov.au', '0128145765', 'p');
insert into afiliados (cedula, nombre, correo, telefono, tipo) values ('4140862165', 'Ernestus Cretney', 'ecretneynx@ebay.co.uk', '8832816067', 'o');
insert into afiliados (cedula, nombre, correo, telefono, tipo) values ('1404540474', 'Bradford Athowe', 'bathoweny@go.com', '1030329788', 'p');
insert into afiliados (cedula, nombre, correo, telefono, tipo) values ('4581507839', 'Stepha Cowthard', 'scowthardnz@mediafire.com', '8154594552', 'n');
insert into afiliados (cedula, nombre, correo, telefono, tipo) values ('9942755608', 'Stephenie Whitear', 'swhitearo0@ucla.edu', '2778126074', 'n');
insert into afiliados (cedula, nombre, correo, telefono, tipo) values ('8296864711', 'Zaccaria Schruyer', 'zschruyero1@paginegialle.it', '0501463399', 'n');
insert into afiliados (cedula, nombre, correo, telefono, tipo) values ('0937224448', 'Frasquito Bartholat', 'fbartholato2@friendfeed.com', '7978677168', 'o');
insert into afiliados (cedula, nombre, correo, telefono, tipo) values ('8139080047', 'Adlai Goodwill', 'agoodwillo3@ehow.com', '5653108219', 'o');
insert into afiliados (cedula, nombre, correo, telefono, tipo) values ('4528430088', 'Eduardo Daid', 'edaido4@xinhuanet.com', '6683739412', 'o');
insert into afiliados (cedula, nombre, correo, telefono, tipo) values ('4304540289', 'Lavinie Driffield', 'ldriffieldo5@nps.gov', '1520147619', 'o');
insert into afiliados (cedula, nombre, correo, telefono, tipo) values ('9255960202', 'Rupert Trumper', 'rtrumpero6@homestead.com', '3065006588', 'n');
insert into afiliados (cedula, nombre, correo, telefono, tipo) values ('3298716383', 'Collin Ambrogiotti', 'cambrogiottio7@blogger.com', '6540882246', 'p');
insert into afiliados (cedula, nombre, correo, telefono, tipo) values ('3868528660', 'North Ryding', 'nrydingo8@loc.gov', '1174234032', 'n');
insert into afiliados (cedula, nombre, correo, telefono, tipo) values ('8838332894', 'Celestyna Brambell', 'cbrambello9@google.ru', '7966303179', 'o');
insert into afiliados (cedula, nombre, correo, telefono, tipo) values ('7531052652', 'Garold Cleyne', 'gcleyneoa@usnews.com', '7599579028', 'o');
insert into afiliados (cedula, nombre, correo, telefono, tipo) values ('4941113926', 'Vonny Brocket', 'vbrocketob@goo.ne.jp', '2473293759', 'o');
insert into afiliados (cedula, nombre, correo, telefono, tipo) values ('8197338566', 'Rhett Barton', 'rbartonoc@samsung.com', '9230254819', 'n');
insert into afiliados (cedula, nombre, correo, telefono, tipo) values ('3180050888', 'Minette Junkin', 'mjunkinod@icq.com', '4332388240', 'n');
insert into afiliados (cedula, nombre, correo, telefono, tipo) values ('6172372920', 'Jennine Yvon', 'jyvonoe@acquirethisname.com', '2384215531', 'o');
insert into afiliados (cedula, nombre, correo, telefono, tipo) values ('3555906372', 'Irena Killigrew', 'ikilligrewof@seesaa.net', '0217343686', 'p');
insert into afiliados (cedula, nombre, correo, telefono, tipo) values ('0257735879', 'Ariana Figgures', 'afigguresog@oakley.com', '0883860740', 'p');
insert into afiliados (cedula, nombre, correo, telefono, tipo) values ('7624165406', 'Franky Radwell', 'fradwelloh@imdb.com', '4381498356', 'o');
insert into afiliados (cedula, nombre, correo, telefono, tipo) values ('4625418097', 'Ric Emmanuele', 'remmanueleoi@google.ru', '2104271002', 'o');
insert into afiliados (cedula, nombre, correo, telefono, tipo) values ('1088680674', 'Blair Graalmans', 'bgraalmansoj@discuz.net', '9396130532', 'n');
insert into afiliados (cedula, nombre, correo, telefono, tipo) values ('8027491983', 'Nilson Carnihan', 'ncarnihanok@wordpress.com', '3065744333', 'n');
insert into afiliados (cedula, nombre, correo, telefono, tipo) values ('7590435058', 'Brenden Chalfont', 'bchalfontol@ihg.com', '5844412621', 'n');
insert into afiliados (cedula, nombre, correo, telefono, tipo) values ('7557627288', 'Luisa Cutler', 'lcutlerom@newyorker.com', '6748944546', 'p');
insert into afiliados (cedula, nombre, correo, telefono, tipo) values ('6227475351', 'Worden Humberston', 'whumberstonon@clickbank.net', '9225989911', 'o');
insert into afiliados (cedula, nombre, correo, telefono, tipo) values ('6230403528', 'Windy Chaffe', 'wchaffeoo@flavors.me', '0900525029', 'n');
insert into afiliados (cedula, nombre, correo, telefono, tipo) values ('0979937183', 'Pen Wailes', 'pwailesop@network.org', '9161349968', 'p');
insert into afiliados (cedula, nombre, correo, telefono, tipo) values ('4634979780', 'Madlin Klimek', 'mklimekoq@smh.com.au', '6806649092', 'o');
insert into afiliados (cedula, nombre, correo, telefono, tipo) values ('5861123780', 'Benn Radloff', 'bradloffor@multiply.com', '1694924890', 'o');
insert into afiliados (cedula, nombre, correo, telefono, tipo) values ('4253211879', 'Bernie Girodier', 'bgirodieros@ftc.gov', '2579832467', 'o');
insert into afiliados (cedula, nombre, correo, telefono, tipo) values ('9350334461', 'Agnella Chatwood', 'achatwoodot@sun.com', '0496959840', 'n');
insert into afiliados (cedula, nombre, correo, telefono, tipo) values ('4906713319', 'Aldo Grove', 'agroveou@skype.com', '8756424396', 'n');
insert into afiliados (cedula, nombre, correo, telefono, tipo) values ('7630639791', 'Kelvin Sandham', 'ksandhamov@list-manage.com', '5047914348', 'o');
insert into afiliados (cedula, nombre, correo, telefono, tipo) values ('1300917652', 'Oneida Wardall', 'owardallow@g.co', '6671167214', 'p');
insert into afiliados (cedula, nombre, correo, telefono, tipo) values ('3462221345', 'Mata Cawdron', 'mcawdronox@dot.gov', '6077988545', 'p');
insert into afiliados (cedula, nombre, correo, telefono, tipo) values ('6696357149', 'Aeriell Erricker', 'aerrickeroy@phoca.cz', '7759099312', 'p');
insert into afiliados (cedula, nombre, correo, telefono, tipo) values ('9778226989', 'Marcelia Stephens', 'mstephensoz@psu.edu', '0498927881', 'p');
insert into afiliados (cedula, nombre, correo, telefono, tipo) values ('0892237163', 'Kippie Truckett', 'ktruckettp0@spiegel.de', '0318064081', 'n');
insert into afiliados (cedula, nombre, correo, telefono, tipo) values ('1384527133', 'Nelson Chapell', 'nchapellp1@cnn.com', '0421725346', 'p');
insert into afiliados (cedula, nombre, correo, telefono, tipo) values ('4050039877', 'Minor Corro', 'mcorrop2@rambler.ru', '8827103910', 'n');
insert into afiliados (cedula, nombre, correo, telefono, tipo) values ('9722760149', 'Shurlock Scrane', 'sscranep3@biglobe.ne.jp', '8311079676', 'n');
insert into afiliados (cedula, nombre, correo, telefono, tipo) values ('1046159577', 'Shoshana Minillo', 'sminillop4@blogtalkradio.com', '2804415473', 'o');
insert into afiliados (cedula, nombre, correo, telefono, tipo) values ('5067604336', 'Myca Danilin', 'mdanilinp5@salon.com', '7412308483', 'n');
insert into afiliados (cedula, nombre, correo, telefono, tipo) values ('8512421827', 'Clayson Ceresa', 'cceresap6@chronoengine.com', '3440889785', 'o');
insert into afiliados (cedula, nombre, correo, telefono, tipo) values ('6550847346', 'Blaine Lillicrap', 'blillicrapp7@histats.com', '9858783329', 'p');
insert into afiliados (cedula, nombre, correo, telefono, tipo) values ('5836114862', 'Minny Horrell', 'mhorrellp8@prnewswire.com', '4288036437', 'p');
insert into afiliados (cedula, nombre, correo, telefono, tipo) values ('7422604786', 'Ruthie Tschirasche', 'rtschiraschep9@goo.ne.jp', '9825671270', 'p');
insert into afiliados (cedula, nombre, correo, telefono, tipo) values ('5583703075', 'Hunter Luckcuck', 'hluckcuckpa@tamu.edu', '6448502033', 'n');
insert into afiliados (cedula, nombre, correo, telefono, tipo) values ('0049226169', 'Eunice Baythorp', 'ebaythorppb@nyu.edu', '5656391957', 'n');
insert into afiliados (cedula, nombre, correo, telefono, tipo) values ('3210298017', 'Joelly Tabbernor', 'jtabbernorpc@answers.com', '1518550711', 'n');
insert into afiliados (cedula, nombre, correo, telefono, tipo) values ('8567111536', 'Jacqui Bee', 'jbeepd@ow.ly', '3495624910', 'p');
insert into afiliados (cedula, nombre, correo, telefono, tipo) values ('6158176621', 'Almire Oxx', 'aoxxpe@google.com', '5540385101', 'n');
insert into afiliados (cedula, nombre, correo, telefono, tipo) values ('4668000213', 'Quent Batty', 'qbattypf@google.ru', '2220155862', 'n');
insert into afiliados (cedula, nombre, correo, telefono, tipo) values ('5774685306', 'Luke Proschke', 'lproschkepg@auda.org.au', '2089027630', 'o');
insert into afiliados (cedula, nombre, correo, telefono, tipo) values ('2957392410', 'Lorens Andrioni', 'landrioniph@scribd.com', '1365008045', 'n');
insert into afiliados (cedula, nombre, correo, telefono, tipo) values ('4186189161', 'Judith Gieves', 'jgievespi@quantcast.com', '8550262315', 'o');
insert into afiliados (cedula, nombre, correo, telefono, tipo) values ('0766002284', 'Rodd Hilbourne', 'rhilbournepj@privacy.gov.au', '1573101796', 'o');
insert into afiliados (cedula, nombre, correo, telefono, tipo) values ('4154618431', 'Dudley Aspall', 'daspallpk@unblog.fr', '2373322188', 'n');
insert into afiliados (cedula, nombre, correo, telefono, tipo) values ('6404001039', 'Cicely Pringell', 'cpringellpl@amazon.co.jp', '4591942066', 'n');
insert into afiliados (cedula, nombre, correo, telefono, tipo) values ('9994378023', 'Rori Olland', 'rollandpm@seesaa.net', '7874253787', 'o');
insert into afiliados (cedula, nombre, correo, telefono, tipo) values ('2194602194', 'Christoper Hartfleet', 'chartfleetpn@sfgate.com', '1244424471', 'n');
insert into afiliados (cedula, nombre, correo, telefono, tipo) values ('2763336647', 'Talyah MacNaughton', 'tmacnaughtonpo@samsung.com', '6913352298', 'n');
insert into afiliados (cedula, nombre, correo, telefono, tipo) values ('9746571435', 'Jyoti Osgerby', 'josgerbypp@geocities.jp', '0598882979', 'n');
insert into afiliados (cedula, nombre, correo, telefono, tipo) values ('9366318118', 'Matilde Morch', 'mmorchpq@yelp.com', '1149124237', 'o');
insert into afiliados (cedula, nombre, correo, telefono, tipo) values ('6646473374', 'Noella Wilcinskis', 'nwilcinskispr@tripadvisor.com', '8104862308', 'o');
insert into afiliados (cedula, nombre, correo, telefono, tipo) values ('3147523721', 'Lona Nurdin', 'lnurdinps@trellian.com', '9795167693', 'p');
insert into afiliados (cedula, nombre, correo, telefono, tipo) values ('9725964497', 'Keelby Scrammage', 'kscrammagept@geocities.com', '9847183171', 'p');
insert into afiliados (cedula, nombre, correo, telefono, tipo) values ('0404400345', 'Karee Tombleson', 'ktomblesonpu@archive.org', '5995852698', 'p');
insert into afiliados (cedula, nombre, correo, telefono, tipo) values ('8454635343', 'Elfrieda Pennrington', 'epennringtonpv@ed.gov', '6781036076', 'n');
insert into afiliados (cedula, nombre, correo, telefono, tipo) values ('5038812074', 'Katrina Stallen', 'kstallenpw@booking.com', '2168456798', 'o');
insert into afiliados (cedula, nombre, correo, telefono, tipo) values ('6473249060', 'Nealson Sills', 'nsillspx@forbes.com', '2386480577', 'p');
insert into afiliados (cedula, nombre, correo, telefono, tipo) values ('7870668354', 'Heida Earsman', 'hearsmanpy@fda.gov', '6410182244', 'p');
insert into afiliados (cedula, nombre, correo, telefono, tipo) values ('9982501313', 'Penelope Worlock', 'pworlockpz@cdbaby.com', '8941263689', 'p');
insert into afiliados (cedula, nombre, correo, telefono, tipo) values ('1933148462', 'Farand Peagrim', 'fpeagrimq0@youku.com', '4791493559', 'o');
insert into afiliados (cedula, nombre, correo, telefono, tipo) values ('2330753160', 'Creight Roskell', 'croskellq1@bigcartel.com', '5882646693', 'p');
insert into afiliados (cedula, nombre, correo, telefono, tipo) values ('2801162868', 'Parnell Mitchard', 'pmitchardq2@earthlink.net', '4852096333', 'p');
insert into afiliados (cedula, nombre, correo, telefono, tipo) values ('4019637431', 'Ashly Blankhorn', 'ablankhornq3@rambler.ru', '9100370223', 'n');
insert into afiliados (cedula, nombre, correo, telefono, tipo) values ('5679388804', 'Flore Lambol', 'flambolq4@instagram.com', '6240794589', 'n');
insert into afiliados (cedula, nombre, correo, telefono, tipo) values ('7214102811', 'Shelbi Blais', 'sblaisq5@newsvine.com', '6970220370', 'o');
insert into afiliados (cedula, nombre, correo, telefono, tipo) values ('7993016975', 'Teresina Janaway', 'tjanawayq6@flavors.me', '8032845321', 'n');
insert into afiliados (cedula, nombre, correo, telefono, tipo) values ('2262453942', 'Tish Godsafe', 'tgodsafeq7@mayoclinic.com', '9611981112', 'p');
insert into afiliados (cedula, nombre, correo, telefono, tipo) values ('2277862606', 'Aldis Flanne', 'aflanneq8@yahoo.co.jp', '0123864186', 'p');
insert into afiliados (cedula, nombre, correo, telefono, tipo) values ('8151715111', 'Dov Malcolm', 'dmalcolmq9@squarespace.com', '2335179446', 'o');
insert into afiliados (cedula, nombre, correo, telefono, tipo) values ('4722968772', 'Evyn Otson', 'eotsonqa@indiegogo.com', '4486036697', 'o');
insert into afiliados (cedula, nombre, correo, telefono, tipo) values ('0303267720', 'Arline Jagiela', 'ajagielaqb@paypal.com', '4621435116', 'o');
insert into afiliados (cedula, nombre, correo, telefono, tipo) values ('0539006572', 'Tallie Garlic', 'tgarlicqc@vimeo.com', '7011103139', 'n');
insert into afiliados (cedula, nombre, correo, telefono, tipo) values ('7675359828', 'Ilyse Keegan', 'ikeeganqd@issuu.com', '7369892557', 'n');
insert into afiliados (cedula, nombre, correo, telefono, tipo) values ('2711811336', 'Richmound De Andisie', 'rdeqe@zimbio.com', '1030786402', 'o');
insert into afiliados (cedula, nombre, correo, telefono, tipo) values ('4714807226', 'Blondy Andreucci', 'bandreucciqf@usda.gov', '2071641507', 'n');
insert into afiliados (cedula, nombre, correo, telefono, tipo) values ('9765943652', 'Janek Tacker', 'jtackerqg@usda.gov', '8708649294', 'p');
insert into afiliados (cedula, nombre, correo, telefono, tipo) values ('2485193304', 'Jim Wotherspoon', 'jwotherspoonqh@arizona.edu', '2912711886', 'n');
insert into afiliados (cedula, nombre, correo, telefono, tipo) values ('9214921830', 'Derk Southerill', 'dsoutherillqi@nsw.gov.au', '3749248346', 'o');
insert into afiliados (cedula, nombre, correo, telefono, tipo) values ('2302103971', 'Jackie Genn', 'jgennqj@newyorker.com', '6981240386', 'n');
insert into afiliados (cedula, nombre, correo, telefono, tipo) values ('5954011362', 'Corrie Rendbaek', 'crendbaekqk@business.com', '1338073990', 'o');
insert into afiliados (cedula, nombre, correo, telefono, tipo) values ('6869056366', 'Cariotta Caush', 'ccaushql@rambler.ru', '4937564447', 'o');
insert into afiliados (cedula, nombre, correo, telefono, tipo) values ('3260265988', 'Thomasin Burborough', 'tburboroughqm@ameblo.jp', '9875278653', 'p');
insert into afiliados (cedula, nombre, correo, telefono, tipo) values ('9634616232', 'Chrissie Saunter', 'csaunterqn@ebay.com', '8364557548', 'n');
insert into afiliados (cedula, nombre, correo, telefono, tipo) values ('5566211844', 'Bronnie Armin', 'barminqo@woothemes.com', '8458456214', 'n');
insert into afiliados (cedula, nombre, correo, telefono, tipo) values ('4387724072', 'Maryanna Lemme', 'mlemmeqp@wunderground.com', '6006630850', 'n');
insert into afiliados (cedula, nombre, correo, telefono, tipo) values ('5719519408', 'Raimundo Eteen', 'reteenqq@soup.io', '3347405374', 'n');
insert into afiliados (cedula, nombre, correo, telefono, tipo) values ('3006328434', 'Rene Andrzejowski', 'randrzejowskiqr@symantec.com', '6867533027', 'n');
insert into afiliados (cedula, nombre, correo, telefono, tipo) values ('8221049336', 'Justin Ruane', 'joruaneqs@tamu.edu', '4069719393', 'p');
insert into afiliados (cedula, nombre, correo, telefono, tipo) values ('1423145089', 'Jakie Millmore', 'jmillmoreqt@accuweather.com', '4535556121', 'o');
insert into afiliados (cedula, nombre, correo, telefono, tipo) values ('5924033228', 'Grata Sange', 'gsangequ@nhs.uk', '0287721736', 'o');
insert into afiliados (cedula, nombre, correo, telefono, tipo) values ('5014543979', 'Ines Tether', 'itetherqv@shop-pro.jp', '8842098892', 'o');
insert into afiliados (cedula, nombre, correo, telefono, tipo) values ('4428298633', 'Robby Domenget', 'rdomengetqw@ehow.com', '7627140072', 'n');
insert into afiliados (cedula, nombre, correo, telefono, tipo) values ('2855441099', 'Lonee Bewicke', 'lbewickeqx@taobao.com', '9674717315', 'p');
insert into afiliados (cedula, nombre, correo, telefono, tipo) values ('3240861755', 'Camella Du Plantier', 'cduqy@foxnews.com', '5118387817', 'p');
insert into afiliados (cedula, nombre, correo, telefono, tipo) values ('1431049999', 'Calhoun Koene', 'ckoeneqz@go.com', '0677516851', 'n');
insert into afiliados (cedula, nombre, correo, telefono, tipo) values ('0774393041', 'Erwin Driscoll', 'edriscollr0@imageshack.us', '6852409880', 'n');
insert into afiliados (cedula, nombre, correo, telefono, tipo) values ('9842675211', 'Ester Pischel', 'epischelr1@stumbleupon.com', '3389288503', 'o');
insert into afiliados (cedula, nombre, correo, telefono, tipo) values ('5124324856', 'Farris Kasper', 'fkasperr2@cornell.edu', '9628494996', 'n');
insert into afiliados (cedula, nombre, correo, telefono, tipo) values ('7320217457', 'Hulda Merrien', 'hmerrienr3@google.pl', '7899628318', 'n');
insert into afiliados (cedula, nombre, correo, telefono, tipo) values ('9330307043', 'Sheff Malafe', 'smalafer4@homestead.com', '5033631586', 'n');
insert into afiliados (cedula, nombre, correo, telefono, tipo) values ('5269652161', 'Vassily Devin', 'vdevinr5@de.vu', '4757864167', 'o');
insert into afiliados (cedula, nombre, correo, telefono, tipo) values ('4825564305', 'Devlen Dowda', 'ddowdar6@gizmodo.com', '4258267260', 'p');
insert into afiliados (cedula, nombre, correo, telefono, tipo) values ('0125435819', 'Merci Armsby', 'marmsbyr7@parallels.com', '8621480336', 'o');
insert into afiliados (cedula, nombre, correo, telefono, tipo) values ('9405707809', 'Rosella Ellesworthe', 'rellesworther8@privacy.gov.au', '7827726941', 'p');
insert into afiliados (cedula, nombre, correo, telefono, tipo) values ('3544573806', 'Trude Lessmare', 'tlessmarer9@surveymonkey.com', '4192778351', 'n');
insert into afiliados (cedula, nombre, correo, telefono, tipo) values ('3814218515', 'Cleopatra Jiricka', 'cjirickara@i2i.jp', '6899536552', 'o');
insert into afiliados (cedula, nombre, correo, telefono, tipo) values ('0781947685', 'Smith Coniam', 'sconiamrb@webmd.com', '3740499192', 'p');
insert into afiliados (cedula, nombre, correo, telefono, tipo) values ('1427444730', 'Brittaney Lavens', 'blavensrc@godaddy.com', '8268069503', 'o');
insert into afiliados (cedula, nombre, correo, telefono, tipo) values ('5361739928', 'Andy Kuhnwald', 'akuhnwaldrd@globo.com', '8577982793', 'p');
insert into afiliados (cedula, nombre, correo, telefono, tipo) values ('4097494740', 'Gene Gadson', 'ggadsonre@wikimedia.org', '0276291395', 'o');
insert into afiliados (cedula, nombre, correo, telefono, tipo) values ('7073196807', 'Teddy Cuttell', 'tcuttellrf@skyrock.com', '6247626614', 'p');
insert into afiliados (cedula, nombre, correo, telefono, tipo) values ('0694489379', 'Daniella Dando', 'ddandorg@topsy.com', '1154607275', 'p');
insert into afiliados (cedula, nombre, correo, telefono, tipo) values ('9205514284', 'Sampson Dowty', 'sdowtyrh@yale.edu', '7885622991', 'o');
insert into afiliados (cedula, nombre, correo, telefono, tipo) values ('5090358613', 'Sinclare Blundin', 'sblundinri@netlog.com', '3091179621', 'o');
insert into afiliados (cedula, nombre, correo, telefono, tipo) values ('9204452889', 'Kerk Kelloch', 'kkellochrj@wikimedia.org', '0648522881', 'o');
insert into afiliados (cedula, nombre, correo, telefono, tipo) values ('8619147153', 'Mitch Macvain', 'mmacvainrk@prlog.org', '8395409214', 'o');
insert into afiliados (cedula, nombre, correo, telefono, tipo) values ('9855967100', 'Arliene Vautier', 'avautierrl@businesswire.com', '1809438438', 'p');
insert into afiliados (cedula, nombre, correo, telefono, tipo) values ('6632999220', 'Thekla Pellant', 'tpellantrm@digg.com', '2441503499', 'p');
insert into afiliados (cedula, nombre, correo, telefono, tipo) values ('3320602330', 'Brady Fidoe', 'bfidoern@booking.com', '9529942974', 'o');
insert into afiliados (cedula, nombre, correo, telefono, tipo) values ('3711881106', 'Em Le Port', 'elero@seesaa.net', '2881689191', 'o');
insert into afiliados (cedula, nombre, correo, telefono, tipo) values ('1316302849', 'Teodorico Hulett', 'thulettrp@cpanel.net', '9838805769', 'n');
insert into afiliados (cedula, nombre, correo, telefono, tipo) values ('4204119204', 'Gwyneth Gentzsch', 'ggentzschrq@wired.com', '4002836177', 'p');
insert into afiliados (cedula, nombre, correo, telefono, tipo) values ('9300766333', 'Myrvyn Killough', 'mkilloughrr@orange.fr', '5119552366', 'o');


/*intereses
INSERT INTO intereses(afiliado, palabra)VALUES('000001', 'radical');
INSERT INTO intereses(afiliado, palabra)VALUES('000002', 'Upgradable');
INSERT INTO intereses(afiliado, palabra)VALUES('000003', 'Fundamental');
INSERT INTO intereses(afiliado, palabra)VALUES('000004', 'time-frame');
INSERT INTO intereses(afiliado, palabra)VALUES('000005', 'Persistent');
INSERT INTO intereses(afiliado, palabra)VALUES('000006', 'well-modulated');
INSERT INTO intereses(afiliado, palabra)VALUES('000007', 'Future-proofed');
INSERT INTO intereses(afiliado, palabra)VALUES('000008', 'orchestration');
INSERT INTO intereses(afiliado, palabra)VALUES('000010', 'neutral');
INSERT INTO intereses(afiliado, palabra)VALUES('000011', 'policy');
INSERT INTO intereses(afiliado, palabra)VALUES('000012', 'Horizontal');
INSERT INTO intereses(afiliado, palabra)VALUES('000013', 'full-range');
INSERT INTO intereses(afiliado, palabra)VALUES('000014', 'Switchable');
INSERT INTO intereses(afiliado, palabra)VALUES('000015', 'Future-proofed');
INSERT INTO intereses(afiliado, palabra)VALUES('000016', 'Reactive');
INSERT INTO intereses(afiliado, palabra)VALUES('000017', 'directional');
INSERT INTO intereses(afiliado, palabra)VALUES('000018', 'Versatile');
INSERT INTO intereses(afiliado, palabra)VALUES('000019', 'conglomeration');
INSERT INTO intereses(afiliado, palabra)VALUES('000020', 'Self-enabling');
INSERT INTO intereses(afiliado, palabra)VALUES('000021', 'Networked');
INSERT INTO intereses(afiliado, palabra)VALUES('000022', 'Cross-platform');
INSERT INTO intereses(afiliado, palabra)VALUES('000023', 'zero tolerance');
INSERT INTO intereses(afiliado, palabra)VALUES('000024', 'User-centric');
INSERT INTO intereses(afiliado, palabra)VALUES('000025', 'moratorium');
INSERT INTO intereses(afiliado, palabra)VALUES('000026', 'Programmable');
INSERT INTO intereses(afiliado, palabra)VALUES('000027', 'Sharable');
INSERT INTO intereses(afiliado, palabra)VALUES('000028', 'interactive');
INSERT INTO intereses(afiliado, palabra)VALUES('000029', 'homogeneous');
INSERT INTO intereses(afiliado, palabra)VALUES('000030', 'focus group');
INSERT INTO intereses(afiliado, palabra)VALUES('000001', 'holistic');
*/
/*Poblar empleados*/
INSERT INTO empleados(nombre, cedula, fechaVinculacion, salario, correo, telefono, biblioteca, tipo)
VALUES('Case Rodriguez', 1060927138, DATE '2018-10-20', 1178366, 'clanfere0@newyorker.com', '3271793468', 'Biblioteca Publica Lago Timiza', 'b');
INSERT INTO empleados(nombre, cedula, fechaVinculacion, salario, correo, telefono, biblioteca, tipo)
VALUES('Veruca Gutierrez', 1464543231, DATE '2018-10-20', 1128466, 'veruca@newyorker.com', '3136789468', 'Biblioteca Publica Lago Timiza', 'a');
INSERT INTO empleados(nombre, cedula, fechaVinculacion, salario, correo, telefono, biblioteca, tipo)
VALUES('Rori Hernandez', 1075225839, DATE '2018-07-20', 812504, 'rfawthrop1@guardian.co.uk', '3264192107', 'Las Ferias' , 'b');
INSERT INTO empleados(nombre, cedula, fechaVinculacion, salario, correo, telefono, biblioteca, tipo)
VALUES('Ulyses Joyce', 1565435751, DATE '2018-07-20', 812504, 'ulysesJoy@guardian.co.uk', '3232123542', 'Las Ferias' , 'a');
INSERT INTO empleados(nombre, cedula, fechaVinculacion, salario, correo, telefono, biblioteca, tipo)
VALUES('Agnola Aguilar', 1075954605, DATE '2018-11-06', 1025369, 'adanbye2@chronoengine.com', '3190929424', 'Luis Angel Arango', 'b');
INSERT INTO empleados(nombre, cedula, fechaVinculacion, salario, correo, telefono, biblioteca, tipo)
VALUES('Thom Yorke', 1012356522, DATE '2018-11-06', 1025369, 'thomo@chronoengine.com', '3194567642', 'Luis Angel Arango', 'a');
INSERT INTO empleados(nombre, cedula, fechaVinculacion, salario, correo, telefono, biblioteca, tipo)
VALUES('Natalina Gutierrez', 1042698881, DATE '2018-12-09', 1313766, 'nfarney3@ucoz.ru', '3210673233', 'Virgilio Barco', 'b');
INSERT INTO empleados(nombre, cedula, fechaVinculacion, salario, correo, telefono, biblioteca, tipo)
VALUES('Victoria Ramirez', 1041236522, DATE '2018-12-09', 1313766, 'victoria@ucoz.ru', '3256542123', 'Virgilio Barco', 'a');
INSERT INTO empleados(nombre, cedula, fechaVinculacion, salario, correo, telefono, biblioteca, tipo)
VALUES('Marco Avila', 1053571013, DATE '2018-06-20', 879602, 'mstudde4@example.com', '3904716619', 'El Tintal Manuel Zapata Olivella', 'a');
INSERT INTO empleados(nombre, cedula, fechaVinculacion, salario, correo, telefono, biblioteca, tipo)
VALUES('Bjork Linares', 1042325432, DATE '2018-06-20', 879602, 'bjork@example.com', '3032125432', 'El Tintal Manuel Zapata Olivella', 'b');
INSERT INTO empleados(nombre, cedula, fechaVinculacion, salario, correo, telefono, biblioteca, tipo)
VALUES('Robinett Forero', 1076702997, DATE '2018-09-08', 1031227, 'rwenman5@gmpg.org', '3654685240', 'Biblioteca Nacional', 'a');
INSERT INTO empleados(nombre, cedula, fechaVinculacion, salario, correo, telefono, biblioteca, tipo)
VALUES('Ernesto Sabato', 1087673456, DATE '2018-09-08', 1031227, 'ernesto@gmpg.org', '3422235432', 'Biblioteca Nacional', 'b');
INSERT INTO empleados(nombre, cedula, fechaVinculacion, salario, correo, telefono, biblioteca, tipo)
VALUES('Leighton Sanchez', 1049881964, DATE '2018-07-29', 1166968, 'lbram6@nifty.com', '3861321646', 'Biblioteca Publica Julio Mario Santo Domingo', 'a');
INSERT INTO empleados(nombre, cedula, fechaVinculacion, salario, correo, telefono, biblioteca, tipo)
VALUES('Alfonso Perez', 1034567532, DATE '2018-07-29', 1166968, 'alfonso@nifty.com', '3021365342', 'Biblioteca Publica Julio Mario Santo Domingo', 'b');
INSERT INTO empleados(nombre, cedula, fechaVinculacion, salario, correo, telefono, biblioteca, tipo)
VALUES('Blane Loaiza', 1015840043, DATE '2018-05-12', 1384614, 'bcornner7@opensource.org', '3437204959', 'Biblioteca Publica El parque', 'a');
INSERT INTO empleados(nombre, cedula, fechaVinculacion, salario, correo, telefono, biblioteca, tipo)
VALUES('Rodia Flores', 1034557522, DATE '2018-05-12', 1384614, 'myshkin@opensource.org', '3001123532', 'Biblioteca Publica El parque', 'b');
INSERT INTO empleados(nombre, cedula, fechaVinculacion, salario, correo, telefono, biblioteca, tipo)
VALUES('Terry Torres', 1087991716, DATE '2018-08-07', 871167, 'tdrage8@dailymail.co.uk', '3027312114', 'Virgilio Barco', 'a');
INSERT INTO empleados(nombre, cedula, fechaVinculacion, salario, correo, telefono, biblioteca, tipo)
VALUES('Lina Mina', 1020924654, DATE '2018-08-07', 871167, 'lina8@dailymail.co.uk', '3012323424', 'Virgilio Barco', 'b');
INSERT INTO empleados(nombre, cedula, fechaVinculacion, salario, correo, telefono, biblioteca, tipo)
VALUES('Nerty Pinzon', 1096516069, DATE '2018-05-18', 936092, 'nparmley9@ebay.co.uk', '3043299328', 'Las Ferias', 'a');
INSERT INTO empleados(nombre, cedula, fechaVinculacion, salario, correo, telefono, biblioteca, tipo)
VALUES('Hernan Herrera', 1102234212, DATE '2018-05-18', 936092, 'hernan@ebay.co.uk', '3041235428', 'Las Ferias', 'b');
INSERT INTO empleados(nombre, cedula, fechaVinculacion, salario, correo, telefono, biblioteca, tipo)
VALUES('Jhonatan Cristopher', 1192235782, DATE '2018-05-18', 334192, 'jhonatanC@ebay.co.uk', '3142535228', 'La Victoria', 'a');
INSERT INTO empleados(nombre, cedula, fechaVinculacion, salario, correo, telefono, biblioteca, tipo)
VALUES('Vladimir Cristal', 1990035582, DATE '2018-08-18', 334192, 'vladimir@ebay.co.uk', '3176525338', 'Biblioteca Publica Parque El Tunal', 'a');

/*libros*/
INSERT INTO libros(direccion, nombre, libre, precio, diasPrestamo, PrecioDiaDemora, editorial, biblioteca, archivista)
VALUES('pgk292' ,'Cancion de Hielo y Fuego: Choque de Reyes', 0, 47, 13, 5, 'Penguin Random House', 'Virgilio Barco', '000008');
INSERT INTO libros(direccion, nombre, libre, precio, diasPrestamo, PrecioDiaDemora, editorial, biblioteca, archivista)
VALUES('ago871' ,'Cancion de Hielo y Fuego: Tormenta de Espadas', 0, 33, 15, 4, 'Penguin Random House', 'Biblioteca Publica Lago Timiza', '000002');
INSERT INTO libros(direccion, nombre, libre, precio, diasPrestamo, PrecioDiaDemora, editorial, biblioteca, archivista)
VALUES('aba001','Antennaria howellii Greene ssp. howellii', 1, 29, 10, 5, 'Norma', 'Biblioteca Publica El parque', '000015');
INSERT INTO libros(direccion, nombre, libre, precio, diasPrestamo, PrecioDiaDemora, editorial, biblioteca, archivista)
VALUES('aca001' ,'Basic Industries', 0, 149, 9, 3, 'Norma', 'Biblioteca Publica El parque', '000015');
INSERT INTO libros(direccion, nombre, libre, precio, diasPrestamo, PrecioDiaDemora, editorial, biblioteca, archivista)
VALUES('ada001' , 'Basic Industries', 1, 148, 7, 3, 'Norma', 'Biblioteca Publica Julio Mario Santo Domingo', '000013');
INSERT INTO libros(direccion, nombre, libre, precio, diasPrestamo, PrecioDiaDemora, editorial, biblioteca, archivista)
VALUES('int796' , 'El Caballero Errante', 0, 72, 10, 5, 'Penguin Random House', 'Luis Angel Arango', '000006');
INSERT INTO libros(direccion, nombre, libre, precio, diasPrestamo, PrecioDiaDemora, editorial, biblioteca, archivista)
VALUES('hcc368' , 'Festin de cuervos', 0, 143, 9, 3, 'Penguin Random House', 'Las Ferias', '000019');
INSERT INTO libros(direccion, nombre, libre, precio, diasPrestamo, PrecioDiaDemora, editorial, biblioteca, archivista)
VALUES('aea001', 'Capital Goods', 0, 114, 9, 1, 'Salvat', 'Biblioteca Nacional', '000011');
INSERT INTO libros(direccion, nombre, libre, precio, diasPrestamo, PrecioDiaDemora, editorial, biblioteca, archivista)
VALUES('kvn691', 'Carex radfordii Gaddy', 0, 24, 10, 1, 'Norma', 'La Victoria','000021');
INSERT INTO libros(direccion, nombre, libre, precio, diasPrestamo, PrecioDiaDemora, editorial, biblioteca, archivista)
VALUES('afa001', 'Celmisia Cass.', 0, 62, 14, 1, 'Norma', 'El Tintal Manuel Zapata Olivella', '000009');
INSERT INTO libros(direccion, nombre, libre, precio, diasPrestamo, PrecioDiaDemora, editorial, biblioteca, archivista)
VALUES('bza378', 'Cancion de Hielo y Fuego: Choque de Reyes', 0, 115, 8, 2, 'Penguin Random House', 'Biblioteca Nacional', '000011');
INSERT INTO libros(direccion, nombre, libre, precio, diasPrestamo, PrecioDiaDemora, editorial, biblioteca, archivista)
VALUES('tok337', 'Ciudad de Cristal', 1, 139, 9, 5, 'Planeta', 'Virgilio Barco', '000017');
INSERT INTO libros(direccion, nombre, libre, precio, diasPrestamo, PrecioDiaDemora, editorial, biblioteca, archivista)
VALUES('jdh686', 'Ciudad de Hueso', 0, 72, 7, 1, 'Planeta', 'Virgilio Barco','000017');
/*SELECT direccion,biblioteca FROM EMPLEADOS WHERE TIPO='a';*/
INSERT INTO libros(direccion, nombre, libre, precio, diasPrestamo, PrecioDiaDemora, editorial, biblioteca, archivista)
VALUES('mtv904', 'Consumer Services', 1, 122, 2, 3, 'Norma', 'Biblioteca Publica Lago Timiza','000002');
INSERT INTO libros(direccion, nombre, libre, precio, diasPrestamo, PrecioDiaDemora, editorial, biblioteca, archivista)
VALUES('mpc505', 'Craniolaria L.', 1, 90, 9, 2, 'Norma', 'Biblioteca Nacional','000011');
INSERT INTO libros(direccion, nombre, libre, precio, diasPrestamo, PrecioDiaDemora, editorial, biblioteca, archivista)
VALUES('kgp432', 'Cyrilla Garden ex L.', 0, 131, 9, 2, 'Norma', 'La Victoria','000021');
INSERT INTO libros(direccion, nombre, libre, precio, diasPrestamo, PrecioDiaDemora, editorial, biblioteca, archivista)
VALUES('hih469', 'Cyrilla parvifolia Raf.', 0, 59, 9, 5, 'Norma', 'Biblioteca Publica Lago Timiza','000002');
INSERT INTO libros(direccion, nombre, libre, precio, diasPrestamo, PrecioDiaDemora, editorial, biblioteca, archivista)
VALUES('jof957', 'Draw', 0, 137, 6, 1, 'Norma', 'Biblioteca Publica Parque El Tunal','000022');
INSERT INTO libros(direccion, nombre, libre, precio, diasPrestamo, PrecioDiaDemora, editorial, biblioteca, archivista)
VALUES('ocy073', 'Energy', 1, 116, 4, 5, 'Salvat', 'Biblioteca Nacional','000011');
INSERT INTO libros(direccion, nombre, libre, precio, diasPrestamo, PrecioDiaDemora, editorial, biblioteca, archivista)
VALUES('jbb187', 'Finance', 0, 65, 8, 3, 'Norma', 'Virgilio Barco','000008');
INSERT INTO libros(direccion, nombre, libre, precio, diasPrestamo, PrecioDiaDemora, editorial, biblioteca, archivista)
VALUES('nyg101', 'Finance', 0, 44, 2, 1, 'Norma', 'Luis Angel Arango','000006');
INSERT INTO libros(direccion, nombre, libre, precio, diasPrestamo, PrecioDiaDemora, editorial, biblioteca, archivista)
VALUES('tbq800', 'France', 1, 133, 11, 4, 'Norma', 'Biblioteca Nacional','000011');
INSERT INTO libros(direccion, nombre, libre, precio, diasPrestamo, PrecioDiaDemora, editorial, biblioteca, archivista)
VALUES('phx749', 'Gladiolus communis L.', 0, 21, 14, 2, 'Salvat', 'Biblioteca Publica Julio Mario Santo Domingo','000013');
INSERT INTO libros(direccion, nombre, libre, precio, diasPrestamo, PrecioDiaDemora, editorial, biblioteca, archivista)
VALUES('dog808', 'Health Care', 0, 36, 10, 4, 'Norma', 'El Tintal Manuel Zapata Olivella', '000009');
INSERT INTO libros(direccion, nombre, libre, precio, diasPrestamo, PrecioDiaDemora, editorial, biblioteca, archivista)
VALUES('ocf581', 'Helianthus nuttallii Torr.', 0, 48, 14, 3, 'Norma', 'Virgilio Barco','000008');
INSERT INTO libros(direccion, nombre, libre, precio, diasPrestamo, PrecioDiaDemora, editorial, biblioteca, archivista)
VALUES('yls048', 'Ischaemum timorense Kunth', 1, 18, 4, 4, 'Norma', 'Biblioteca Publica Lago Timiza','000002');
INSERT INTO libros(direccion, nombre, libre, precio, diasPrestamo, PrecioDiaDemora, editorial, biblioteca, archivista)
VALUES('wrn003', 'Loeflingia squarrosa Nutt. ssp. squarrosa', 0, 126, 8, 5, 'Norma', 'Biblioteca Publica Parque El Tunal','000022');
INSERT INTO libros(direccion, nombre, libre, precio, diasPrestamo, PrecioDiaDemora, editorial, biblioteca, archivista)
VALUES('grj820', 'Manihot catingae Ule', 1, 131, 2, 4, 'Norma', 'Virgilio Barco','000008');
INSERT INTO libros(direccion, nombre, libre, precio, diasPrestamo, PrecioDiaDemora, editorial, biblioteca, archivista)
VALUES('qol739', 'Miscellaneous', 1, 110, 14, 5, 'Norma', 'Luis Angel Arango','000006');
INSERT INTO libros(direccion, nombre, libre, precio, diasPrestamo, PrecioDiaDemora, editorial, biblioteca, archivista)
VALUES('rwq600', 'Pachira aquatica Aubl.', 0, 24, 14, 1, 'Salvat', 'Biblioteca Nacional','000011');
INSERT INTO libros(direccion, nombre, libre, precio, diasPrestamo, PrecioDiaDemora, editorial, biblioteca, archivista)
VALUES('xwb370', 'Pedicularis bracteosa Benth. var. bracteosa', 1, 87, 11, 4, 'Norma', 'Biblioteca Publica Lago Timiza','000002');
INSERT INTO libros(direccion, nombre, libre, precio, diasPrestamo, PrecioDiaDemora, editorial, biblioteca, archivista)
VALUES('hbt165', 'Pinus pinea L.', 1, 18, 6, 5, 'Norma', 'Virgilio Barco','000008');
INSERT INTO libros(direccion, nombre, libre, precio, diasPrestamo, PrecioDiaDemora, editorial, biblioteca, archivista)
VALUES('mfl921', 'Pteris irregularis Kaulf.', 1, 81, 13, 4, 'Norma', 'El Tintal Manuel Zapata Olivella','000009');
INSERT INTO libros(direccion, nombre, libre, precio, diasPrestamo, PrecioDiaDemora, editorial, biblioteca, archivista)
VALUES('lyz889', 'Quercus cedrosensis C.H. Mull.', 0, 50, 5, 2, 'Norma', 'Biblioteca Publica Julio Mario Santo Domingo','000013');
INSERT INTO libros(direccion, nombre, libre, precio, diasPrestamo, PrecioDiaDemora, editorial, biblioteca, archivista)
VALUES('fak833', 'Rhynchospora megaplumosa Bridges y Orzell', 0, 26, 12, 3, 'Salvat', 'Virgilio Barco','000008');
INSERT INTO libros(direccion, nombre, libre, precio, diasPrestamo, PrecioDiaDemora, editorial, biblioteca, archivista)
VALUES('kuh384', 'Scutellaria elliptica Muhl.', 1, 132, 12, 1, 'Salvat', 'El Tintal Manuel Zapata Olivella','000009');
INSERT INTO libros(direccion, nombre, libre, precio, diasPrestamo, PrecioDiaDemora, editorial, biblioteca, archivista)
VALUES('ckn018', 'Sphaeromeria compacta (H.M. Hall)', 0, 57, 10, 1, 'Salvat', 'Biblioteca Publica El parque','000015');
INSERT INTO libros(direccion, nombre, libre, precio, diasPrestamo, PrecioDiaDemora, editorial, biblioteca, archivista)
VALUES('omw135', 'Ciudad de Ceniza', 1, 116, 13, 2, 'Planeta', 'Biblioteca Publica Julio Mario Santo Domingo','000013');
INSERT INTO libros(direccion, nombre, libre, precio, diasPrestamo, PrecioDiaDemora, editorial, biblioteca, archivista)
VALUES('mge311', 'Technology', 0, 126, 5, 3, 'Norma', 'Biblioteca Nacional','000011');

/*Categorias*/
INSERT INTO categorias(nombre, libro) VALUES ('Novela','000001');
INSERT INTO categorias(nombre, libro) VALUES ('Novela','000011');
INSERT INTO categorias(nombre, libro) VALUES ('Novela','000002');
INSERT INTO categorias(nombre, libro) VALUES ('Novela','000007');
INSERT INTO categorias(nombre, libro) VALUES ('Novela','000006');
INSERT INTO categorias(nombre, libro) VALUES ('Novela','000012');
INSERT INTO categorias(nombre, libro) VALUES ('Aventura','000012');
INSERT INTO categorias(nombre, libro) VALUES ('Fantasia','000012');

/*autores*/
INSERT INTO autores(libro, nombre)VALUES('000001', 'George R.R. Martin');
INSERT INTO autores(libro, nombre)VALUES('000002', 'George R.R. Martin');
INSERT INTO autores(libro, nombre)VALUES('000003', 'Bucky McCaskill');
INSERT INTO autores(libro, nombre)VALUES('000004', 'Gianna Andreas');
INSERT INTO autores(libro, nombre)VALUES('000005', 'Christiane Linklet');
INSERT INTO autores(libro, nombre)VALUES('000006', 'George R.R. Martin');
INSERT INTO autores(libro, nombre)VALUES('000007', 'George R.R. Martin');
INSERT INTO autores(libro, nombre)VALUES('000004', 'Letisha Hovenden');
INSERT INTO autores(libro, nombre)VALUES('000014', 'Letisha Hovenden');
INSERT INTO autores(libro, nombre)VALUES('000009', 'Beniamino Waldock');
INSERT INTO autores(libro, nombre)VALUES('000015', 'Letisha Hovenden');
INSERT INTO autores(libro, nombre)VALUES('000011', 'George R.R. Martin');
INSERT INTO autores(libro, nombre)VALUES('000012', 'Cassandra Clare');
INSERT INTO autores(libro, nombre)VALUES('000013', 'Cassandra Clare');
INSERT INTO autores(libro, nombre)VALUES('000014', 'Rubetta Larwood');
INSERT INTO autores(libro, nombre)VALUES('000015', 'Brittany Greir');
INSERT INTO autores(libro, nombre)VALUES('000016', 'Brittany Greir');
INSERT INTO autores(libro, nombre)VALUES('000017', 'Rubetta Larwood');
INSERT INTO autores(libro, nombre)VALUES('000018', 'Bucky McCaskill');
INSERT INTO autores(libro, nombre)VALUES('000019', 'Gianna Andreas');
INSERT INTO autores(libro, nombre)VALUES('000014', 'Beniamino Waldock');
INSERT INTO autores(libro, nombre)VALUES('000020', 'Christiane Linklet');
INSERT INTO autores(libro, nombre)VALUES('000021', 'Christiane Linklet');
INSERT INTO autores(libro, nombre)VALUES('000021', 'Beniamino Waldock');
INSERT INTO autores(libro, nombre)VALUES('000022', 'Letti Barwis');
INSERT INTO autores(libro, nombre)VALUES('000023', 'Letisha Hovenden');
INSERT INTO autores(libro, nombre)VALUES('000024', 'Krystyna Falconer-Taylor');
INSERT INTO autores(libro, nombre)VALUES('000025', 'Rolfe Mithun');
INSERT INTO autores(libro, nombre)VALUES('000026', 'Vanni Blinder');
INSERT INTO autores(libro, nombre)VALUES('000027', 'Lynea Ivell');
INSERT INTO autores(libro, nombre)VALUES('000028', 'Flori Woltering');
INSERT INTO autores(libro, nombre)VALUES('000029', 'Brittany Greir');
INSERT INTO autores(libro, nombre)VALUES('000030', 'Rubetta Larwood');
INSERT INTO autores(libro, nombre)VALUES('000031', 'Bucky McCaskill');
INSERT INTO autores(libro, nombre)VALUES('000032', 'Gianna Andreas');
INSERT INTO autores(libro, nombre)VALUES('000033', 'Christiane Linklet');
INSERT INTO autores(libro, nombre)VALUES('000034', 'Beniamino Waldock');
INSERT INTO autores(libro, nombre)VALUES('000035', 'Letti Barwis');
INSERT INTO autores(libro, nombre)VALUES('000036', 'Letisha Hovenden');
INSERT INTO autores(libro, nombre)VALUES('000037', 'Krystyna Falconer-Taylor');
INSERT INTO autores(libro, nombre)VALUES('000038', 'Cassandra Clare');
INSERT INTO autores(libro, nombre)VALUES('000039', 'Rubetta Larwood');

/*poblar etiquetas*/
INSERT INTO ETIQUETAS(LIBRO,PALABRA) VALUES('000011', 'magia');
INSERT INTO ETIQUETAS(LIBRO,PALABRA) VALUES('000001', 'magia');
INSERT INTO ETIQUETAS(LIBRO,PALABRA) VALUES('000001', 'fantasia');
INSERT INTO ETIQUETAS(LIBRO,PALABRA) VALUES('000002', 'magia');
INSERT INTO ETIQUETAS(LIBRO,PALABRA) VALUES('000038', 'angeles');
INSERT INTO ETIQUETAS(LIBRO,PALABRA) VALUES('000012', 'angeles');
INSERT INTO ETIQUETAS(LIBRO,PALABRA) VALUES('000013', 'angeles');
INSERT INTO ETIQUETAS(LIBRO,PALABRA) VALUES('000006', 'fantasia');
INSERT INTO ETIQUETAS(LIBRO,PALABRA) VALUES('000007', 'magia');
/*Poblar prestamo*/
/*
INSERT INTO prestamos(codigo, fecha, fechaMaximaEntrega, empleado, afiliado, libro)
VALUES(1, DATE '2018-03-01', DATE '2018-03-04', 'aaa000', 'akb509', 'ago871');
INSERT INTO prestamos(codigo, fecha, fechaMaximaEntrega, empleado, afiliado, libro)
VALUES(2, DATE '2018-03-02', DATE '2018-03-05', 'pgk292', 'kdx604', 'jdh686');
INSERT INTO prestamos(codigo, fecha, fechaMaximaEntrega, empleado, afiliado, libro)
VALUES(3, DATE '2018-02-22', DATE '2018-02-26', 'ago871', 'fqs694', 'omw135');
INSERT INTO prestamos(codigo, fecha, fechaMaximaEntrega, empleado, afiliado, libro)
VALUES(4, DATE '2018-02-22', DATE '2018-02-26', 'int796', 'hfi981', 'hcc368');
INSERT INTO prestamos(codigo, fecha, fechaMaximaEntrega, empleado, afiliado, libro)
VALUES(5, DATE '2018-02-25', DATE '2018-03-02', 'hcc368', 'msg954', 'wrn003');
INSERT INTO prestamos(codigo, fecha, fechaMaximaEntrega, empleado, afiliado, libro)
VALUES(6, DATE '2018-03-27', DATE '2018-03-03', 'bza378', 'syc615', 'pgk292');
*/
/*Poblar reservas*/
/*
INSERT INTO reservas(codigo, fecha, afiliado, libro, fecha_limite, empleado)
VALUES(1, DATE '2018-03-05', 'imu336', 'tki342', DATE '2018-03-10', 'ago871');
INSERT INTO reservas(codigo, fecha, afiliado, libro, fecha_limite, empleado)
VALUES(2, DATE '2018-03-07', 'ett783', 'ckn018', DATE '2018-03-10', 'int796');
INSERT INTO reservas(codigo, fecha, afiliado, libro, fecha_limite, empleado)
VALUES(3, DATE '2018-02-27', 'lud400', 'mpc505', DATE '2018-03-02', 'hcc368');
INSERT INTO reservas(codigo, fecha, afiliado, libro, fecha_limite, empleado)
VALUES(4, DATE '2018-02-28', 'gof451', 'kgp432', DATE '2018-03-03', 'bza378');
INSERT INTO reservas(codigo, fecha, afiliado, libro, fecha_limite, empleado)
VALUES(5, DATE '2018-02-26', 'akb509', 'hbt165', DATE '2018-03-02', 'aaa006');
INSERT INTO reservas(codigo, fecha, afiliado, libro, fecha_limite, empleado)
VALUES(6, DATE '2018-03-07', 'syc615', 'yls048', DATE '2018-03-11', 'aaa007');
*/
/*Poblar causas*/
INSERT INTO causas(id, descripcion)
VALUES('Retraso', 'El libro fue entregado despues de la fecha maxima');
INSERT INTO causas(id, descripcion)
VALUES('Perdida', 'El libro fue perdido por el afiliado');
INSERT INTO causas(id, descripcion)
VALUES('Dano leve', 'El libro presenta un ligero dano, no es necesario reemplazo');
INSERT INTO causas(id, descripcion)
VALUES('Dano grave', 'El libro presenta un gran dano, solicita reemplazo');

/*Poblar multas*/
INSERT INTO multas(causa, prestamo, valor)
VALUES('Retraso', 1, 20000);
INSERT INTO multas(causa, prestamo, valor)
VALUES('Perdida', 2, 100000);
INSERT INTO multas(causa, prestamo, valor)
VALUES('Perdida', 3, 200000);
INSERT INTO multas(causa, prestamo, valor)
VALUES('Dano leve', 4, 50000);
